student_id,total_modules,modules_completed,completed,last_session_date,dropout_type
S00001,10,10,1,2026-03-13,completer
S00002,10,2,0,2026-03-18,explicit_dropout
S00003,10,5,0,2026-03-23,silent_dropout
S00004,10,3,0,2026-05-18,silent_dropout
S00005,10,10,1,2026-02-16,completer
S00006,10,10,1,2026-06-14,completer
S00007,10,10,1,2026-02-24,completer
S00008,10,2,0,2026-03-03,explicit_dropout
S00009,10,7,0,2026-07-04,silent_dropout
S00010,10,8,0,2026-07-25,silent_dropout
S00011,10,10,1,2026-02-19,completer
S00012,10,0,0,2026-02-08,explicit_dropout
S00013,10,6,0,2026-03-06,silent_dropout
S00014,10,10,1,2026-01-30,completer
S00015,10,10,1,2026-04-10,completer
S00016,10,10,1,2026-05-06,completer
S00017,10,10,1,2026-05-11,completer
S00018,10,10,1,2026-04-28,completer
S00019,10,10,1,2026-03-14,completer
S00020,10,10,1,2026-05-31,completer
S00021,10,8,0,2026-06-10,silent_dropout
S00022,10,10,1,2026-03-10,completer
S00023,10,10,1,2026-06-01,completer
S00024,10,10,1,2026-02-26,completer
S00025,10,10,1,2026-01-24,completer
S00026,10,4,0,2026-05-23,silent_dropout
S00027,10,10,1,2026-03-28,completer
S00028,10,10,1,2026-06-10,completer
S00029,10,4,0,2026-06-23,silent_dropout
S00030,10,10,1,2026-02-27,completer
S00031,10,8,0,2026-03-23,silent_dropout
S00032,10,10,1,2026-06-21,completer
S00033,10,10,1,2026-02-01,completer
S00034,10,1,0,2026-01-19,explicit_dropout
S00035,10,1,0,2026-05-03,explicit_dropout
S00036,10,5,0,2026-05-29,silent_dropout
S00037,10,10,1,2026-04-20,completer
S00038,10,10,1,2026-06-09,completer
S00039,10,5,0,2026-05-06,silent_dropout
S00040,10,10,1,2026-04-15,completer
S00041,10,10,1,2026-03-04,completer
S00042,10,10,1,2026-02-11,completer
S00043,10,10,1,2026-04-19,completer
S00044,10,2,0,2026-03-27,explicit_dropout
S00045,10,10,1,2026-04-06,completer
S00046,10,3,0,2026-06-04,silent_dropout
S00047,10,10,1,2026-04-28,completer
S00048,10,10,1,2026-03-09,completer
S00049,10,10,1,2026-06-08,completer
S00050,10,10,1,2026-03-29,completer
S00051,10,2,0,2026-03-15,explicit_dropout
S00052,10,4,0,2026-05-12,silent_dropout
S00053,10,0,0,2026-04-30,explicit_dropout
S00054,10,0,0,2026-03-21,explicit_dropout
S00055,10,2,0,2026-05-21,silent_dropout
S00056,10,2,0,2026-04-17,explicit_dropout
S00057,10,10,1,2026-04-15,completer
S00058,10,10,1,2026-03-28,completer
S00059,10,10,1,2026-02-16,completer
S00060,10,10,1,2026-05-13,completer
S00061,10,10,1,2026-03-28,completer
S00062,10,10,1,2026-02-23,completer
S00063,10,8,0,2026-07-14,silent_dropout
S00064,10,10,1,2026-05-02,completer
S00065,10,10,1,2026-05-29,completer
S00066,10,10,1,2026-01-27,completer
S00067,10,10,1,2026-03-31,completer
S00068,10,3,0,2026-03-15,silent_dropout
S00069,10,10,1,2026-03-14,completer
S00070,10,0,0,2026-02-09,explicit_dropout
S00071,10,2,0,2026-03-31,silent_dropout
S00072,10,10,1,2026-04-06,completer
S00073,10,10,1,2026-03-21,completer
S00074,10,4,0,2026-06-03,silent_dropout
S00075,10,2,0,2026-02-24,silent_dropout
S00076,10,6,0,2026-03-02,silent_dropout
S00077,10,6,0,2026-06-17,silent_dropout
S00078,10,10,1,2026-03-30,completer
S00079,10,10,1,2026-01-31,completer
S00080,10,10,1,2026-02-12,completer
S00081,10,2,0,2026-01-30,explicit_dropout
S00082,10,4,0,2026-03-10,silent_dropout
S00083,10,10,1,2026-05-08,completer
S00084,10,10,1,2026-05-18,completer
S00085,10,10,1,2026-05-06,completer
S00086,10,10,1,2026-03-03,completer
S00087,10,4,0,2026-05-25,silent_dropout
S00088,10,8,0,2026-07-15,silent_dropout
S00089,10,0,0,2026-02-15,explicit_dropout
S00090,10,10,1,2026-04-05,completer
S00091,10,10,1,2026-03-20,completer
S00092,10,5,0,2026-06-02,silent_dropout
S00093,10,7,0,2026-03-20,silent_dropout
S00094,10,6,0,2026-06-26,silent_dropout
S00095,10,2,0,2026-02-03,silent_dropout
S00096,10,10,1,2026-01-29,completer
S00097,10,10,1,2026-03-25,completer
S00098,10,10,1,2026-05-29,completer
S00099,10,10,1,2026-03-20,completer
S00100,10,10,1,2026-03-01,completer
S00101,10,10,1,2026-02-23,completer
S00102,10,3,0,2026-05-10,silent_dropout
S00103,10,10,1,2026-03-01,completer
S00104,10,10,1,2026-04-14,completer
S00105,10,1,0,2026-03-21,explicit_dropout
S00106,10,10,1,2026-03-26,completer
S00107,10,10,1,2026-02-03,completer
S00108,10,8,0,2026-03-22,silent_dropout
S00109,10,10,1,2026-01-31,completer
S00110,10,10,1,2026-05-09,completer
S00111,10,10,1,2026-03-29,completer
S00112,10,10,1,2026-04-25,completer
S00113,10,0,0,2026-01-16,explicit_dropout
S00114,10,3,0,2026-06-21,silent_dropout
S00115,10,3,0,2026-06-13,silent_dropout
S00116,10,1,0,2026-05-22,explicit_dropout
S00117,10,3,0,2026-03-07,silent_dropout
S00118,10,10,1,2026-05-30,completer
S00119,10,0,0,2026-01-14,explicit_dropout
S00120,10,10,1,2026-03-20,completer
S00121,10,8,0,2026-07-22,silent_dropout
S00122,10,2,0,2026-05-20,explicit_dropout
S00123,10,10,1,2026-01-23,completer
S00124,10,10,1,2026-03-24,completer
S00125,10,10,1,2026-04-26,completer
S00126,10,10,1,2026-03-12,completer
S00127,10,3,0,2026-02-16,silent_dropout
S00128,10,0,0,2026-04-01,explicit_dropout
S00129,10,10,1,2026-03-30,completer
S00130,10,10,1,2026-02-25,completer
S00131,10,10,1,2026-05-08,completer
S00132,10,10,1,2026-03-31,completer
S00133,10,10,1,2026-02-23,completer
S00134,10,10,1,2026-05-08,completer
S00135,10,2,0,2026-04-11,explicit_dropout
S00136,10,10,1,2026-05-31,completer
S00137,10,10,1,2026-06-05,completer
S00138,10,4,0,2026-05-25,silent_dropout
S00139,10,10,1,2026-01-18,completer
S00140,10,1,0,2026-05-19,explicit_dropout
S00141,10,0,0,2026-01-15,explicit_dropout
S00142,10,10,1,2026-04-05,completer
S00143,10,10,1,2026-05-24,completer
S00144,10,10,1,2026-06-18,completer
S00145,10,10,1,2026-06-04,completer
S00146,10,10,1,2026-03-12,completer
S00147,10,5,0,2026-05-08,silent_dropout
S00148,10,10,1,2026-05-23,completer
S00149,10,10,1,2026-05-22,completer
S00150,10,10,1,2026-05-08,completer
S00151,10,1,0,2026-05-01,explicit_dropout
S00152,10,10,1,2026-04-18,completer
S00153,10,10,1,2026-06-03,completer
S00154,10,10,1,2026-03-06,completer
S00155,10,2,0,2026-04-16,explicit_dropout
S00156,10,10,1,2026-02-04,completer
S00157,10,5,0,2026-05-14,silent_dropout
S00158,10,4,0,2026-06-01,silent_dropout
S00159,10,10,1,2026-04-19,completer
S00160,10,5,0,2026-05-26,silent_dropout
S00161,10,10,1,2026-03-13,completer
S00162,10,2,0,2026-06-01,silent_dropout
S00163,10,3,0,2026-04-26,silent_dropout
S00164,10,10,1,2026-05-05,completer
S00165,10,10,1,2026-04-08,completer
S00166,10,8,0,2026-07-18,silent_dropout
S00167,10,10,1,2026-05-06,completer
S00168,10,10,1,2026-06-10,completer
S00169,10,10,1,2026-04-21,completer
S00170,10,4,0,2026-04-17,silent_dropout
S00171,10,2,0,2026-05-27,silent_dropout
S00172,10,10,1,2026-04-23,completer
S00173,10,10,1,2026-02-08,completer
S00174,10,10,1,2026-05-10,completer
S00175,10,4,0,2026-03-25,silent_dropout
S00176,10,10,1,2026-04-21,completer
S00177,10,7,0,2026-06-16,silent_dropout
S00178,10,10,1,2026-04-07,completer
S00179,10,1,0,2026-05-29,explicit_dropout
S00180,10,10,1,2026-03-28,completer
S00181,10,10,1,2026-03-26,completer
S00182,10,10,1,2026-02-13,completer
S00183,10,0,0,2026-03-26,explicit_dropout
S00184,10,0,0,2026-01-21,explicit_dropout
S00185,10,10,1,2026-02-17,completer
S00186,10,4,0,2026-04-08,silent_dropout
S00187,10,3,0,2026-05-31,silent_dropout
S00188,10,7,0,2026-04-10,silent_dropout
S00189,10,10,1,2026-02-08,completer
S00190,10,10,1,2026-03-20,completer
S00191,10,10,1,2026-05-22,completer
S00192,10,1,0,2026-03-02,explicit_dropout
S00193,10,2,0,2026-05-29,explicit_dropout
S00194,10,5,0,2026-05-12,silent_dropout
S00195,10,10,1,2026-04-03,completer
S00196,10,10,1,2026-02-01,completer
S00197,10,3,0,2026-05-09,silent_dropout
S00198,10,1,0,2026-03-27,explicit_dropout
S00199,10,2,0,2026-01-05,explicit_dropout
S00200,10,4,0,2026-02-26,silent_dropout
S00201,10,8,0,2026-05-15,silent_dropout
S00202,10,10,1,2026-06-14,completer
S00203,10,10,1,2026-02-15,completer
S00204,10,1,0,2026-01-18,explicit_dropout
S00205,10,5,0,2026-03-28,silent_dropout
S00206,10,10,1,2026-05-10,completer
S00207,10,10,1,2026-04-27,completer
S00208,10,5,0,2026-04-23,silent_dropout
S00209,10,10,1,2026-04-17,completer
S00210,10,10,1,2026-04-09,completer
S00211,10,10,1,2026-02-11,completer
S00212,10,8,0,2026-03-28,silent_dropout
S00213,10,4,0,2026-04-18,silent_dropout
S00214,10,10,1,2026-06-17,completer
S00215,10,8,0,2026-04-23,silent_dropout
S00216,10,10,1,2026-04-19,completer
S00217,10,10,1,2026-03-31,completer
S00218,10,2,0,2026-03-06,silent_dropout
S00219,10,8,0,2026-04-25,silent_dropout
S00220,10,4,0,2026-04-06,silent_dropout
S00221,10,5,0,2026-07-02,silent_dropout
S00222,10,8,0,2026-07-06,silent_dropout
S00223,10,10,1,2026-04-21,completer
S00224,10,10,1,2026-03-20,completer
S00225,10,10,1,2026-05-10,completer
S00226,10,10,1,2026-03-01,completer
S00227,10,2,0,2026-03-28,explicit_dropout
S00228,10,10,1,2026-04-08,completer
S00229,10,1,0,2026-01-16,explicit_dropout
S00230,10,5,0,2026-04-07,silent_dropout
S00231,10,6,0,2026-04-01,silent_dropout
S00232,10,10,1,2026-04-19,completer
S00233,10,3,0,2026-02-21,silent_dropout
S00234,10,10,1,2026-02-15,completer
S00235,10,10,1,2026-06-01,completer
S00236,10,3,0,2026-02-07,silent_dropout
S00237,10,10,1,2026-05-19,completer
S00238,10,10,1,2026-05-18,completer
S00239,10,2,0,2026-03-03,silent_dropout
S00240,10,10,1,2026-06-12,completer
S00241,10,2,0,2026-02-15,explicit_dropout
S00242,10,2,0,2026-01-24,explicit_dropout
S00243,10,0,0,2026-02-05,explicit_dropout
S00244,10,10,1,2026-04-05,completer
S00245,10,10,1,2026-06-05,completer
S00246,10,2,0,2026-05-19,explicit_dropout
S00247,10,10,1,2026-04-06,completer
S00248,10,1,0,2026-05-14,explicit_dropout
S00249,10,0,0,2026-02-23,explicit_dropout
S00250,10,0,0,2026-03-27,explicit_dropout
S00251,10,10,1,2026-05-19,completer
S00252,10,10,1,2026-02-01,completer
S00253,10,1,0,2026-04-28,explicit_dropout
S00254,10,10,1,2026-03-11,completer
S00255,10,10,1,2026-02-02,completer
S00256,10,3,0,2026-03-23,silent_dropout
S00257,10,2,0,2026-03-25,explicit_dropout
S00258,10,4,0,2026-04-17,silent_dropout
S00259,10,3,0,2026-03-03,silent_dropout
S00260,10,10,1,2026-05-25,completer
S00261,10,2,0,2026-06-09,silent_dropout
S00262,10,2,0,2026-01-08,explicit_dropout
S00263,10,10,1,2026-04-13,completer
S00264,10,10,1,2026-03-31,completer
S00265,10,1,0,2026-05-24,explicit_dropout
S00266,10,5,0,2026-04-25,silent_dropout
S00267,10,2,0,2026-04-02,silent_dropout
S00268,10,8,0,2026-07-07,silent_dropout
S00269,10,10,1,2026-04-06,completer
S00270,10,10,1,2026-04-16,completer
S00271,10,6,0,2026-06-21,silent_dropout
S00272,10,2,0,2026-05-10,silent_dropout
S00273,10,1,0,2026-05-07,explicit_dropout
S00274,10,2,0,2026-05-29,explicit_dropout
S00275,10,10,1,2026-02-04,completer
S00276,10,10,1,2026-02-14,completer
S00277,10,2,0,2026-02-10,silent_dropout
S00278,10,7,0,2026-05-14,silent_dropout
S00279,10,8,0,2026-07-27,silent_dropout
S00280,10,8,0,2026-07-11,silent_dropout
S00281,10,2,0,2026-01-18,explicit_dropout
S00282,10,10,1,2026-02-28,completer
S00283,10,10,1,2026-03-26,completer
S00284,10,10,1,2026-05-11,completer
S00285,10,4,0,2026-06-23,silent_dropout
S00286,10,10,1,2026-05-20,completer
S00287,10,10,1,2026-05-08,completer
S00288,10,10,1,2026-02-06,completer
S00289,10,10,1,2026-06-07,completer
S00290,10,3,0,2026-02-25,silent_dropout
S00291,10,10,1,2026-02-08,completer
S00292,10,10,1,2026-02-04,completer
S00293,10,2,0,2026-04-18,silent_dropout
S00294,10,10,1,2026-02-17,completer
S00295,10,10,1,2026-06-15,completer
S00296,10,10,1,2026-02-04,completer
S00297,10,2,0,2026-05-03,silent_dropout
S00298,10,10,1,2026-01-26,completer
S00299,10,3,0,2026-04-14,silent_dropout
S00300,10,10,1,2026-02-05,completer
S00301,10,10,1,2026-05-12,completer
S00302,10,10,1,2026-05-31,completer
S00303,10,10,1,2026-03-06,completer
S00304,10,6,0,2026-03-30,silent_dropout
S00305,10,3,0,2026-04-18,silent_dropout
S00306,10,0,0,2026-02-03,explicit_dropout
S00307,10,10,1,2026-02-16,completer
S00308,10,10,1,2026-05-04,completer
S00309,10,4,0,2026-03-08,silent_dropout
S00310,10,10,1,2026-02-02,completer
S00311,10,10,1,2026-02-22,completer
S00312,10,10,1,2026-02-06,completer
S00313,10,10,1,2026-03-03,completer
S00314,10,0,0,2026-01-07,explicit_dropout
S00315,10,5,0,2026-06-11,silent_dropout
S00316,10,8,0,2026-04-08,silent_dropout
S00317,10,10,1,2026-03-07,completer
S00318,10,10,1,2026-06-02,completer
S00319,10,10,1,2026-06-14,completer
S00320,10,10,1,2026-06-08,completer
S00321,10,10,1,2026-05-04,completer
S00322,10,5,0,2026-06-30,silent_dropout
S00323,10,6,0,2026-06-11,silent_dropout
S00324,10,10,1,2026-05-14,completer
S00325,10,0,0,2026-03-26,explicit_dropout
S00326,10,8,0,2026-06-06,silent_dropout
S00327,10,2,0,2026-06-01,silent_dropout
S00328,10,8,0,2026-05-28,silent_dropout
S00329,10,10,1,2026-02-03,completer
S00330,10,10,1,2026-03-27,completer
S00331,10,10,1,2026-01-26,completer
S00332,10,4,0,2026-04-17,silent_dropout
S00333,10,10,1,2026-05-15,completer
S00334,10,10,1,2026-04-30,completer
S00335,10,10,1,2026-02-05,completer
S00336,10,10,1,2026-04-19,completer
S00337,10,2,0,2026-03-18,explicit_dropout
S00338,10,2,0,2026-01-25,silent_dropout
S00339,10,10,1,2026-04-07,completer
S00340,10,10,1,2026-05-25,completer
S00341,10,10,1,2026-05-18,completer
S00342,10,10,1,2026-04-05,completer
S00343,10,10,1,2026-06-02,completer
S00344,10,10,1,2026-05-24,completer
S00345,10,10,1,2026-03-07,completer
S00346,10,8,0,2026-03-26,silent_dropout
S00347,10,2,0,2026-06-10,silent_dropout
S00348,10,10,1,2026-01-29,completer
S00349,10,10,1,2026-06-09,completer
S00350,10,4,0,2026-02-18,silent_dropout
S00351,10,10,1,2026-04-18,completer
S00352,10,0,0,2026-01-12,explicit_dropout
S00353,10,3,0,2026-06-07,silent_dropout
S00354,10,10,1,2026-03-22,completer
S00355,10,10,1,2026-03-06,completer
S00356,10,2,0,2026-02-09,silent_dropout
S00357,10,10,1,2026-05-31,completer
S00358,10,8,0,2026-05-07,silent_dropout
S00359,10,0,0,2026-03-06,explicit_dropout
S00360,10,2,0,2026-06-05,silent_dropout
S00361,10,10,1,2026-04-29,completer
S00362,10,8,0,2026-07-11,silent_dropout
S00363,10,10,1,2026-06-14,completer
S00364,10,10,1,2026-04-10,completer
S00365,10,0,0,2026-02-27,explicit_dropout
S00366,10,10,1,2026-05-11,completer
S00367,10,1,0,2026-01-14,explicit_dropout
S00368,10,1,0,2026-01-07,explicit_dropout
S00369,10,10,1,2026-01-27,completer
S00370,10,10,1,2026-05-17,completer
S00371,10,10,1,2026-03-14,completer
S00372,10,10,1,2026-04-02,completer
S00373,10,10,1,2026-04-19,completer
S00374,10,6,0,2026-06-27,silent_dropout
S00375,10,10,1,2026-06-16,completer
S00376,10,10,1,2026-03-27,completer
S00377,10,7,0,2026-05-10,silent_dropout
S00378,10,10,1,2026-03-20,completer
S00379,10,6,0,2026-07-14,silent_dropout
S00380,10,10,1,2026-02-15,completer
S00381,10,10,1,2026-03-15,completer
S00382,10,7,0,2026-05-10,silent_dropout
S00383,10,5,0,2026-02-09,silent_dropout
S00384,10,2,0,2026-02-27,explicit_dropout
S00385,10,4,0,2026-05-20,silent_dropout
S00386,10,4,0,2026-06-03,silent_dropout
S00387,10,10,1,2026-05-23,completer
S00388,10,10,1,2026-06-14,completer
S00389,10,4,0,2026-03-14,silent_dropout
S00390,10,2,0,2026-04-13,silent_dropout
S00391,10,0,0,2026-05-26,explicit_dropout
S00392,10,10,1,2026-05-11,completer
S00393,10,10,1,2026-02-15,completer
S00394,10,3,0,2026-02-17,silent_dropout
S00395,10,10,1,2026-02-17,completer
S00396,10,2,0,2026-04-24,explicit_dropout
S00397,10,0,0,2026-03-30,explicit_dropout
S00398,10,10,1,2026-06-03,completer
S00399,10,4,0,2026-04-18,silent_dropout
S00400,10,5,0,2026-03-03,silent_dropout
S00401,10,10,1,2026-05-18,completer
S00402,10,1,0,2026-05-02,explicit_dropout
S00403,10,10,1,2026-05-21,completer
S00404,10,3,0,2026-04-11,silent_dropout
S00405,10,10,1,2026-01-29,completer
S00406,10,2,0,2026-01-13,explicit_dropout
S00407,10,10,1,2026-02-01,completer
S00408,10,10,1,2026-05-07,completer
S00409,10,2,0,2026-05-08,explicit_dropout
S00410,10,10,1,2026-02-05,completer
S00411,10,10,1,2026-01-25,completer
S00412,10,1,0,2026-04-13,explicit_dropout
S00413,10,1,0,2026-01-02,explicit_dropout
S00414,10,3,0,2026-06-23,silent_dropout
S00415,10,8,0,2026-07-26,silent_dropout
S00416,10,10,1,2026-05-22,completer
S00417,10,10,1,2026-04-14,completer
S00418,10,10,1,2026-03-18,completer
S00419,10,5,0,2026-05-29,silent_dropout
S00420,10,3,0,2026-02-25,silent_dropout
S00421,10,4,0,2026-03-02,silent_dropout
S00422,10,5,0,2026-04-07,silent_dropout
S00423,10,10,1,2026-02-11,completer
S00424,10,10,1,2026-02-23,completer
S00425,10,10,1,2026-02-08,completer
S00426,10,10,1,2026-05-10,completer
S00427,10,10,1,2026-05-01,completer
S00428,10,1,0,2026-01-02,explicit_dropout
S00429,10,10,1,2026-04-23,completer
S00430,10,10,1,2026-02-27,completer
S00431,10,10,1,2026-06-16,completer
S00432,10,5,0,2026-07-02,silent_dropout
S00433,10,3,0,2026-02-03,silent_dropout
S00434,10,10,1,2026-01-31,completer
S00435,10,10,1,2026-02-03,completer
S00436,10,2,0,2026-04-24,silent_dropout
S00437,10,10,1,2026-02-23,completer
S00438,10,7,0,2026-04-17,silent_dropout
S00439,10,8,0,2026-05-01,silent_dropout
S00440,10,10,1,2026-03-01,completer
S00441,10,10,1,2026-03-13,completer
S00442,10,2,0,2026-03-13,explicit_dropout
S00443,10,10,1,2026-03-05,completer
S00444,10,10,1,2026-05-31,completer
S00445,10,8,0,2026-03-20,silent_dropout
S00446,10,1,0,2026-05-21,explicit_dropout
S00447,10,0,0,2026-03-08,explicit_dropout
S00448,10,4,0,2026-04-21,silent_dropout
S00449,10,10,1,2026-06-01,completer
S00450,10,10,1,2026-02-14,completer
S00451,10,4,0,2026-04-07,silent_dropout
S00452,10,3,0,2026-06-06,silent_dropout
S00453,10,10,1,2026-06-02,completer
S00454,10,1,0,2026-01-25,explicit_dropout
S00455,10,10,1,2026-04-21,completer
S00456,10,10,1,2026-05-08,completer
S00457,10,10,1,2026-06-20,completer
S00458,10,10,1,2026-03-17,completer
S00459,10,10,1,2026-04-26,completer
S00460,10,10,1,2026-02-19,completer
S00461,10,10,1,2026-06-18,completer
S00462,10,5,0,2026-06-07,silent_dropout
S00463,10,6,0,2026-03-28,silent_dropout
S00464,10,2,0,2026-02-07,silent_dropout
S00465,10,2,0,2026-01-26,explicit_dropout
S00466,10,10,1,2026-05-08,completer
S00467,10,10,1,2026-03-19,completer
S00468,10,1,0,2026-03-19,explicit_dropout
S00469,10,10,1,2026-05-07,completer
S00470,10,1,0,2026-05-06,explicit_dropout
S00471,10,10,1,2026-03-14,completer
S00472,10,2,0,2026-04-29,explicit_dropout
S00473,10,10,1,2026-06-15,completer
S00474,10,0,0,2026-01-23,explicit_dropout
S00475,10,10,1,2026-05-28,completer
S00476,10,1,0,2026-02-05,explicit_dropout
S00477,10,10,1,2026-04-05,completer
S00478,10,7,0,2026-04-17,silent_dropout
S00479,10,2,0,2026-03-20,explicit_dropout
S00480,10,10,1,2026-05-01,completer
S00481,10,5,0,2026-06-10,silent_dropout
S00482,10,2,0,2026-05-28,silent_dropout
S00483,10,10,1,2026-04-25,completer
S00484,10,7,0,2026-06-18,silent_dropout
S00485,10,4,0,2026-05-12,silent_dropout
S00486,10,2,0,2026-04-12,explicit_dropout
S00487,10,10,1,2026-05-12,completer
S00488,10,10,1,2026-05-10,completer
S00489,10,2,0,2026-05-11,explicit_dropout
S00490,10,1,0,2026-04-30,explicit_dropout
S00491,10,10,1,2026-06-10,completer
S00492,10,5,0,2026-03-06,silent_dropout
S00493,10,10,1,2026-06-15,completer
S00494,10,10,1,2026-05-15,completer
S00495,10,10,1,2026-04-19,completer
S00496,10,10,1,2026-02-17,completer
S00497,10,3,0,2026-04-26,silent_dropout
S00498,10,10,1,2026-06-11,completer
S00499,10,2,0,2026-04-13,explicit_dropout
S00500,10,0,0,2026-04-17,explicit_dropout
S00501,10,2,0,2026-02-09,silent_dropout
S00502,10,10,1,2026-03-06,completer
S00503,10,10,1,2026-04-04,completer
S00504,10,3,0,2026-05-02,silent_dropout
S00505,10,5,0,2026-03-22,silent_dropout
S00506,10,10,1,2026-05-20,completer
S00507,10,1,0,2026-05-28,explicit_dropout
S00508,10,8,0,2026-05-02,silent_dropout
S00509,10,2,0,2026-02-19,explicit_dropout
S00510,10,3,0,2026-01-23,silent_dropout
S00511,10,2,0,2026-01-30,silent_dropout
S00512,10,10,1,2026-02-01,completer
S00513,10,1,0,2026-02-27,explicit_dropout
S00514,10,1,0,2026-01-06,explicit_dropout
S00515,10,10,1,2026-03-22,completer
S00516,10,10,1,2026-04-11,completer
S00517,10,10,1,2026-02-23,completer
S00518,10,5,0,2026-05-19,silent_dropout
S00519,10,0,0,2026-03-07,explicit_dropout
S00520,10,10,1,2026-03-22,completer
S00521,10,5,0,2026-02-18,silent_dropout
S00522,10,10,1,2026-03-29,completer
S00523,10,0,0,2026-04-01,explicit_dropout
S00524,10,8,0,2026-05-26,silent_dropout
S00525,10,2,0,2026-03-01,silent_dropout
S00526,10,10,1,2026-05-21,completer
S00527,10,10,1,2026-06-14,completer
S00528,10,10,1,2026-03-06,completer
S00529,10,10,1,2026-01-30,completer
S00530,10,1,0,2026-02-11,explicit_dropout
S00531,10,8,0,2026-05-01,silent_dropout
S00532,10,1,0,2026-03-05,explicit_dropout
S00533,10,2,0,2026-01-10,explicit_dropout
S00534,10,8,0,2026-03-27,silent_dropout
S00535,10,5,0,2026-03-29,silent_dropout
S00536,10,2,0,2026-04-13,explicit_dropout
S00537,10,2,0,2026-04-17,silent_dropout
S00538,10,10,1,2026-05-10,completer
S00539,10,10,1,2026-02-12,completer
S00540,10,10,1,2026-02-13,completer
S00541,10,2,0,2026-01-11,explicit_dropout
S00542,10,4,0,2026-07-12,silent_dropout
S00543,10,10,1,2026-05-14,completer
S00544,10,8,0,2026-06-22,silent_dropout
S00545,10,3,0,2026-03-25,silent_dropout
S00546,10,10,1,2026-01-29,completer
S00547,10,10,1,2026-04-24,completer
S00548,10,8,0,2026-04-28,silent_dropout
S00549,10,10,1,2026-05-04,completer
S00550,10,7,0,2026-04-25,silent_dropout
S00551,10,10,1,2026-04-02,completer
S00552,10,0,0,2026-01-03,explicit_dropout
S00553,10,2,0,2026-03-09,silent_dropout
S00554,10,6,0,2026-05-19,silent_dropout
S00555,10,1,0,2026-05-24,explicit_dropout
S00556,10,10,1,2026-05-30,completer
S00557,10,10,1,2026-03-14,completer
S00558,10,10,1,2026-04-24,completer
S00559,10,6,0,2026-06-10,silent_dropout
S00560,10,8,0,2026-03-24,silent_dropout
S00561,10,8,0,2026-07-11,silent_dropout
S00562,10,10,1,2026-02-02,completer
S00563,10,10,1,2026-05-10,completer
S00564,10,10,1,2026-02-08,completer
S00565,10,10,1,2026-02-12,completer
S00566,10,2,0,2026-05-29,silent_dropout
S00567,10,10,1,2026-04-13,completer
S00568,10,10,1,2026-02-22,completer
S00569,10,2,0,2026-04-20,explicit_dropout
S00570,10,10,1,2026-01-26,completer
S00571,10,10,1,2026-06-04,completer
S00572,10,7,0,2026-04-10,silent_dropout
S00573,10,10,1,2026-05-26,completer
S00574,10,3,0,2026-04-09,silent_dropout
S00575,10,1,0,2026-04-17,explicit_dropout
S00576,10,1,0,2026-02-01,explicit_dropout
S00577,10,10,1,2026-04-25,completer
S00578,10,1,0,2026-05-18,explicit_dropout
S00579,10,10,1,2026-03-15,completer
S00580,10,10,1,2026-05-15,completer
S00581,10,10,1,2026-02-12,completer
S00582,10,0,0,2026-01-16,explicit_dropout
S00583,10,10,1,2026-05-02,completer
S00584,10,10,1,2026-05-08,completer
S00585,10,3,0,2026-03-02,silent_dropout
S00586,10,10,1,2026-04-14,completer
S00587,10,10,1,2026-03-31,completer
S00588,10,10,1,2026-03-11,completer
S00589,10,10,1,2026-04-04,completer
S00590,10,10,1,2026-05-21,completer
S00591,10,10,1,2026-05-31,completer
S00592,10,7,0,2026-07-18,silent_dropout
S00593,10,10,1,2026-04-28,completer
S00594,10,10,1,2026-02-02,completer
S00595,10,2,0,2026-05-22,explicit_dropout
S00596,10,10,1,2026-03-27,completer
S00597,10,4,0,2026-04-05,silent_dropout
S00598,10,10,1,2026-04-12,completer
S00599,10,10,1,2026-02-06,completer
S00600,10,10,1,2026-05-13,completer
S00601,10,10,1,2026-03-06,completer
S00602,10,10,1,2026-03-08,completer
S00603,10,10,1,2026-04-06,completer
S00604,10,10,1,2026-04-05,completer
S00605,10,10,1,2026-03-13,completer
S00606,10,10,1,2026-06-08,completer
S00607,10,10,1,2026-05-15,completer
S00608,10,10,1,2026-06-17,completer
S00609,10,10,1,2026-05-15,completer
S00610,10,4,0,2026-06-19,silent_dropout
S00611,10,10,1,2026-05-14,completer
S00612,10,2,0,2026-06-06,silent_dropout
S00613,10,6,0,2026-03-13,silent_dropout
S00614,10,10,1,2026-03-23,completer
S00615,10,2,0,2026-05-11,explicit_dropout
S00616,10,0,0,2026-03-22,explicit_dropout
S00617,10,10,1,2026-03-01,completer
S00618,10,10,1,2026-03-15,completer
S00619,10,6,0,2026-06-22,silent_dropout
S00620,10,6,0,2026-05-07,silent_dropout
S00621,10,10,1,2026-02-27,completer
S00622,10,10,1,2026-04-04,completer
S00623,10,10,1,2026-04-18,completer
S00624,10,10,1,2026-05-09,completer
S00625,10,6,0,2026-07-05,silent_dropout
S00626,10,10,1,2026-03-03,completer
S00627,10,10,1,2026-04-13,completer
S00628,10,7,0,2026-05-27,silent_dropout
S00629,10,10,1,2026-06-20,completer
S00630,10,10,1,2026-05-08,completer
S00631,10,3,0,2026-03-02,silent_dropout
S00632,10,1,0,2026-04-28,explicit_dropout
S00633,10,10,1,2026-04-06,completer
S00634,10,10,1,2026-05-28,completer
S00635,10,10,1,2026-05-27,completer
S00636,10,10,1,2026-02-04,completer
S00637,10,10,1,2026-06-10,completer
S00638,10,10,1,2026-01-31,completer
S00639,10,10,1,2026-04-20,completer
S00640,10,10,1,2026-02-14,completer
S00641,10,10,1,2026-06-20,completer
S00642,10,10,1,2026-04-26,completer
S00643,10,10,1,2026-06-12,completer
S00644,10,10,1,2026-04-14,completer
S00645,10,10,1,2026-02-05,completer
S00646,10,1,0,2026-03-29,explicit_dropout
S00647,10,8,0,2026-04-26,silent_dropout
S00648,10,3,0,2026-04-29,silent_dropout
S00649,10,5,0,2026-06-12,silent_dropout
S00650,10,10,1,2026-02-22,completer
S00651,10,10,1,2026-04-22,completer
S00652,10,10,1,2026-03-22,completer
S00653,10,5,0,2026-02-23,silent_dropout
S00654,10,5,0,2026-05-15,silent_dropout
S00655,10,10,1,2026-04-16,completer
S00656,10,10,1,2026-05-11,completer
S00657,10,10,1,2026-05-04,completer
S00658,10,10,1,2026-04-15,completer
S00659,10,5,0,2026-06-02,silent_dropout
S00660,10,8,0,2026-06-28,silent_dropout
S00661,10,10,1,2026-04-14,completer
S00662,10,2,0,2026-03-24,explicit_dropout
S00663,10,6,0,2026-04-11,silent_dropout
S00664,10,10,1,2026-06-14,completer
S00665,10,10,1,2026-05-31,completer
S00666,10,10,1,2026-03-25,completer
S00667,10,10,1,2026-03-02,completer
S00668,10,10,1,2026-02-03,completer
S00669,10,10,1,2026-04-02,completer
S00670,10,10,1,2026-03-22,completer
S00671,10,10,1,2026-03-21,completer
S00672,10,2,0,2026-03-05,explicit_dropout
S00673,10,10,1,2026-04-18,completer
S00674,10,10,1,2026-03-14,completer
S00675,10,10,1,2026-06-09,completer
S00676,10,1,0,2026-04-19,explicit_dropout
S00677,10,10,1,2026-06-10,completer
S00678,10,10,1,2026-06-03,completer
S00679,10,2,0,2026-04-27,explicit_dropout
S00680,10,0,0,2026-01-13,explicit_dropout
S00681,10,7,0,2026-03-14,silent_dropout
S00682,10,10,1,2026-05-03,completer
S00683,10,10,1,2026-05-09,completer
S00684,10,2,0,2026-05-23,silent_dropout
S00685,10,0,0,2026-03-22,explicit_dropout
S00686,10,4,0,2026-06-26,silent_dropout
S00687,10,5,0,2026-05-24,silent_dropout
S00688,10,10,1,2026-05-21,completer
S00689,10,4,0,2026-06-26,silent_dropout
S00690,10,10,1,2026-02-28,completer
S00691,10,10,1,2026-05-18,completer
S00692,10,10,1,2026-05-12,completer
S00693,10,10,1,2026-03-09,completer
S00694,10,10,1,2026-04-08,completer
S00695,10,10,1,2026-04-14,completer
S00696,10,4,0,2026-06-02,silent_dropout
S00697,10,10,1,2026-03-12,completer
S00698,10,5,0,2026-06-11,silent_dropout
S00699,10,10,1,2026-05-20,completer
S00700,10,10,1,2026-03-15,completer
S00701,10,10,1,2026-03-29,completer
S00702,10,10,1,2026-04-30,completer
S00703,10,10,1,2026-04-18,completer
S00704,10,10,1,2026-04-10,completer
S00705,10,10,1,2026-06-09,completer
S00706,10,1,0,2026-01-05,explicit_dropout
S00707,10,10,1,2026-04-05,completer
S00708,10,7,0,2026-05-14,silent_dropout
S00709,10,10,1,2026-01-31,completer
S00710,10,4,0,2026-03-19,silent_dropout
S00711,10,3,0,2026-04-16,silent_dropout
S00712,10,3,0,2026-05-20,silent_dropout
S00713,10,10,1,2026-03-17,completer
S00714,10,10,1,2026-03-23,completer
S00715,10,10,1,2026-03-04,completer
S00716,10,2,0,2026-05-18,explicit_dropout
S00717,10,7,0,2026-04-30,silent_dropout
S00718,10,1,0,2026-04-09,explicit_dropout
S00719,10,10,1,2026-02-22,completer
S00720,10,2,0,2026-03-02,silent_dropout
S00721,10,0,0,2026-05-23,explicit_dropout
S00722,10,10,1,2026-06-06,completer
S00723,10,10,1,2026-04-30,completer
S00724,10,5,0,2026-04-22,silent_dropout
S00725,10,8,0,2026-07-26,silent_dropout
S00726,10,2,0,2026-05-25,silent_dropout
S00727,10,10,1,2026-04-21,completer
S00728,10,4,0,2026-06-19,silent_dropout
S00729,10,10,1,2026-05-14,completer
S00730,10,10,1,2026-03-04,completer
S00731,10,10,1,2026-04-20,completer
S00732,10,2,0,2026-02-22,silent_dropout
S00733,10,8,0,2026-04-07,silent_dropout
S00734,10,10,1,2026-03-27,completer
S00735,10,10,1,2026-04-06,completer
S00736,10,0,0,2026-01-28,explicit_dropout
S00737,10,10,1,2026-03-24,completer
S00738,10,3,0,2026-04-17,silent_dropout
S00739,10,10,1,2026-03-26,completer
S00740,10,10,1,2026-01-28,completer
S00741,10,10,1,2026-04-07,completer
S00742,10,10,1,2026-02-17,completer
S00743,10,3,0,2026-03-13,silent_dropout
S00744,10,10,1,2026-04-07,completer
S00745,10,10,1,2026-06-22,completer
S00746,10,1,0,2026-05-18,explicit_dropout
S00747,10,10,1,2026-05-05,completer
S00748,10,10,1,2026-06-08,completer
S00749,10,1,0,2026-04-26,explicit_dropout
S00750,10,6,0,2026-03-10,silent_dropout
S00751,10,10,1,2026-05-10,completer
S00752,10,1,0,2026-01-12,explicit_dropout
S00753,10,5,0,2026-07-03,silent_dropout
S00754,10,10,1,2026-03-19,completer
S00755,10,10,1,2026-03-31,completer
S00756,10,3,0,2026-05-16,silent_dropout
S00757,10,2,0,2026-04-28,silent_dropout
S00758,10,10,1,2026-01-30,completer
S00759,10,2,0,2026-04-27,explicit_dropout
S00760,10,3,0,2026-03-31,silent_dropout
S00761,10,10,1,2026-05-29,completer
S00762,10,10,1,2026-05-12,completer
S00763,10,10,1,2026-03-30,completer
S00764,10,4,0,2026-03-22,silent_dropout
S00765,10,10,1,2026-03-01,completer
S00766,10,6,0,2026-04-16,silent_dropout
S00767,10,6,0,2026-04-15,silent_dropout
S00768,10,2,0,2026-01-20,explicit_dropout
S00769,10,10,1,2026-02-01,completer
S00770,10,2,0,2026-05-14,silent_dropout
S00771,10,10,1,2026-04-10,completer
S00772,10,8,0,2026-04-15,silent_dropout
S00773,10,10,1,2026-02-28,completer
S00774,10,10,1,2026-06-05,completer
S00775,10,2,0,2026-06-02,silent_dropout
S00776,10,10,1,2026-04-21,completer
S00777,10,10,1,2026-03-29,completer
S00778,10,4,0,2026-06-18,silent_dropout
S00779,10,8,0,2026-06-05,silent_dropout
S00780,10,4,0,2026-06-14,silent_dropout
S00781,10,5,0,2026-02-27,silent_dropout
S00782,10,10,1,2026-01-24,completer
S00783,10,10,1,2026-05-05,completer
S00784,10,10,1,2026-05-05,completer
S00785,10,10,1,2026-03-20,completer
S00786,10,1,0,2026-03-26,explicit_dropout
S00787,10,4,0,2026-02-24,silent_dropout
S00788,10,10,1,2026-03-19,completer
S00789,10,10,1,2026-02-12,completer
S00790,10,2,0,2026-04-28,explicit_dropout
S00791,10,10,1,2026-05-29,completer
S00792,10,4,0,2026-05-01,silent_dropout
S00793,10,10,1,2026-01-23,completer
S00794,10,5,0,2026-03-16,silent_dropout
S00795,10,10,1,2026-03-26,completer
S00796,10,1,0,2026-01-07,explicit_dropout
S00797,10,1,0,2026-02-05,explicit_dropout
S00798,10,8,0,2026-05-03,silent_dropout
S00799,10,8,0,2026-04-16,silent_dropout
S00800,10,0,0,2026-04-22,explicit_dropout
S00801,10,6,0,2026-03-22,silent_dropout
S00802,10,10,1,2026-03-03,completer
S00803,10,5,0,2026-06-12,silent_dropout
S00804,10,4,0,2026-02-15,silent_dropout
S00805,10,10,1,2026-04-25,completer
S00806,10,8,0,2026-06-26,silent_dropout
S00807,10,2,0,2026-02-11,explicit_dropout
S00808,10,2,0,2026-01-05,explicit_dropout
S00809,10,10,1,2026-04-11,completer
S00810,10,10,1,2026-05-28,completer
S00811,10,0,0,2026-02-12,explicit_dropout
S00812,10,6,0,2026-03-04,silent_dropout
S00813,10,10,1,2026-04-01,completer
S00814,10,0,0,2026-04-03,explicit_dropout
S00815,10,0,0,2026-01-11,explicit_dropout
S00816,10,10,1,2026-01-25,completer
S00817,10,7,0,2026-05-18,silent_dropout
S00818,10,10,1,2026-03-08,completer
S00819,10,10,1,2026-03-24,completer
S00820,10,10,1,2026-04-23,completer
S00821,10,8,0,2026-06-21,silent_dropout
S00822,10,10,1,2026-03-14,completer
S00823,10,10,1,2026-02-17,completer
S00824,10,10,1,2026-02-19,completer
S00825,10,10,1,2026-04-13,completer
S00826,10,0,0,2026-03-31,explicit_dropout
S00827,10,10,1,2026-06-01,completer
S00828,10,10,1,2026-06-10,completer
S00829,10,3,0,2026-06-11,silent_dropout
S00830,10,10,1,2026-05-13,completer
S00831,10,10,1,2026-03-05,completer
S00832,10,10,1,2026-03-14,completer
S00833,10,10,1,2026-02-16,completer
S00834,10,10,1,2026-03-06,completer
S00835,10,10,1,2026-02-16,completer
S00836,10,10,1,2026-04-03,completer
S00837,10,1,0,2026-01-20,explicit_dropout
S00838,10,10,1,2026-05-05,completer
S00839,10,8,0,2026-06-13,silent_dropout
S00840,10,8,0,2026-03-28,silent_dropout
S00841,10,10,1,2026-03-27,completer
S00842,10,7,0,2026-04-14,silent_dropout
S00843,10,10,1,2026-05-30,completer
S00844,10,2,0,2026-02-14,explicit_dropout
S00845,10,10,1,2026-04-22,completer
S00846,10,10,1,2026-04-08,completer
S00847,10,10,1,2026-06-17,completer
S00848,10,0,0,2026-02-10,explicit_dropout
S00849,10,10,1,2026-04-17,completer
S00850,10,2,0,2026-03-06,silent_dropout
S00851,10,10,1,2026-03-25,completer
S00852,10,3,0,2026-05-27,silent_dropout
S00853,10,10,1,2026-05-19,completer
S00854,10,1,0,2026-04-05,explicit_dropout
S00855,10,10,1,2026-05-21,completer
S00856,10,10,1,2026-02-11,completer
S00857,10,10,1,2026-01-27,completer
S00858,10,10,1,2026-01-27,completer
S00859,10,2,0,2026-05-03,silent_dropout
S00860,10,10,1,2026-01-29,completer
S00861,10,5,0,2026-06-03,silent_dropout
S00862,10,10,1,2026-06-01,completer
S00863,10,10,1,2026-05-08,completer
S00864,10,10,1,2026-06-04,completer
S00865,10,10,1,2026-04-22,completer
S00866,10,5,0,2026-04-05,silent_dropout
S00867,10,10,1,2026-02-12,completer
S00868,10,10,1,2026-02-01,completer
S00869,10,1,0,2026-04-28,explicit_dropout
S00870,10,0,0,2026-03-14,explicit_dropout
S00871,10,10,1,2026-05-01,completer
S00872,10,10,1,2026-05-25,completer
S00873,10,8,0,2026-07-03,silent_dropout
S00874,10,10,1,2026-02-18,completer
S00875,10,10,1,2026-04-30,completer
S00876,10,10,1,2026-03-28,completer
S00877,10,6,0,2026-06-01,silent_dropout
S00878,10,4,0,2026-06-20,silent_dropout
S00879,10,10,1,2026-06-16,completer
S00880,10,10,1,2026-05-25,completer
S00881,10,10,1,2026-03-21,completer
S00882,10,3,0,2026-03-07,silent_dropout
S00883,10,10,1,2026-02-03,completer
S00884,10,10,1,2026-06-10,completer
S00885,10,5,0,2026-02-24,silent_dropout
S00886,10,10,1,2026-03-26,completer
S00887,10,3,0,2026-03-20,silent_dropout
S00888,10,10,1,2026-04-20,completer
S00889,10,10,1,2026-05-11,completer
S00890,10,10,1,2026-04-11,completer
S00891,10,7,0,2026-06-13,silent_dropout
S00892,10,0,0,2026-04-29,explicit_dropout
S00893,10,6,0,2026-07-12,silent_dropout
S00894,10,10,1,2026-01-23,completer
S00895,10,8,0,2026-07-28,silent_dropout
S00896,10,10,1,2026-06-04,completer
S00897,10,10,1,2026-02-01,completer
S00898,10,2,0,2026-04-25,explicit_dropout
S00899,10,10,1,2026-05-09,completer
S00900,10,10,1,2026-01-20,completer
S00901,10,10,1,2026-02-22,completer
S00902,10,10,1,2026-02-04,completer
S00903,10,10,1,2026-02-17,completer
S00904,10,4,0,2026-05-22,silent_dropout
S00905,10,10,1,2026-03-22,completer
S00906,10,2,0,2026-05-19,explicit_dropout
S00907,10,3,0,2026-02-12,silent_dropout
S00908,10,10,1,2026-02-17,completer
S00909,10,10,1,2026-04-14,completer
S00910,10,10,1,2026-02-28,completer
S00911,10,5,0,2026-07-01,silent_dropout
S00912,10,10,1,2026-05-17,completer
S00913,10,2,0,2026-02-04,silent_dropout
S00914,10,10,1,2026-06-13,completer
S00915,10,5,0,2026-07-12,silent_dropout
S00916,10,10,1,2026-03-12,completer
S00917,10,10,1,2026-04-24,completer
S00918,10,0,0,2026-04-30,explicit_dropout
S00919,10,2,0,2026-05-12,silent_dropout
S00920,10,10,1,2026-01-25,completer
S00921,10,0,0,2026-03-04,explicit_dropout
S00922,10,10,1,2026-04-11,completer
S00923,10,0,0,2026-01-18,explicit_dropout
S00924,10,4,0,2026-04-21,silent_dropout
S00925,10,10,1,2026-03-07,completer
S00926,10,10,1,2026-02-15,completer
S00927,10,10,1,2026-02-10,completer
S00928,10,10,1,2026-03-07,completer
S00929,10,3,0,2026-06-19,silent_dropout
S00930,10,10,1,2026-03-17,completer
S00931,10,10,1,2026-03-02,completer
S00932,10,8,0,2026-06-10,silent_dropout
S00933,10,0,0,2026-01-04,explicit_dropout
S00934,10,10,1,2026-06-12,completer
S00935,10,10,1,2026-03-26,completer
S00936,10,10,1,2026-04-11,completer
S00937,10,10,1,2026-03-23,completer
S00938,10,0,0,2026-02-08,explicit_dropout
S00939,10,10,1,2026-02-28,completer
S00940,10,8,0,2026-06-11,silent_dropout
S00941,10,10,1,2026-04-06,completer
S00942,10,6,0,2026-05-01,silent_dropout
S00943,10,4,0,2026-02-15,silent_dropout
S00944,10,4,0,2026-06-18,silent_dropout
S00945,10,10,1,2026-04-11,completer
S00946,10,10,1,2026-03-28,completer
S00947,10,10,1,2026-05-17,completer
S00948,10,2,0,2026-04-08,explicit_dropout
S00949,10,2,0,2026-04-11,explicit_dropout
S00950,10,2,0,2026-01-26,silent_dropout
S00951,10,5,0,2026-06-06,silent_dropout
S00952,10,8,0,2026-06-27,silent_dropout
S00953,10,10,1,2026-05-14,completer
S00954,10,2,0,2026-01-23,explicit_dropout
S00955,10,10,1,2026-02-21,completer
S00956,10,10,1,2026-05-27,completer
S00957,10,10,1,2026-06-05,completer
S00958,10,10,1,2026-04-03,completer
S00959,10,10,1,2026-01-25,completer
S00960,10,7,0,2026-03-17,silent_dropout
S00961,10,10,1,2026-06-22,completer
S00962,10,4,0,2026-04-07,silent_dropout
S00963,10,10,1,2026-02-24,completer
S00964,10,10,1,2026-05-29,completer
S00965,10,10,1,2026-04-18,completer
S00966,10,10,1,2026-02-17,completer
S00967,10,8,0,2026-06-08,silent_dropout
S00968,10,10,1,2026-01-31,completer
S00969,10,5,0,2026-02-17,silent_dropout
S00970,10,10,1,2026-04-08,completer
S00971,10,6,0,2026-06-28,silent_dropout
S00972,10,1,0,2026-05-27,explicit_dropout
S00973,10,2,0,2026-03-26,silent_dropout
S00974,10,10,1,2026-04-26,completer
S00975,10,10,1,2026-03-01,completer
S00976,10,10,1,2026-05-08,completer
S00977,10,2,0,2026-02-27,silent_dropout
S00978,10,10,1,2026-03-05,completer
S00979,10,10,1,2026-04-10,completer
S00980,10,5,0,2026-02-11,silent_dropout
S00981,10,10,1,2026-04-22,completer
S00982,10,4,0,2026-06-21,silent_dropout
S00983,10,10,1,2026-03-10,completer
S00984,10,10,1,2026-01-24,completer
S00985,10,6,0,2026-06-28,silent_dropout
S00986,10,10,1,2026-05-09,completer
S00987,10,6,0,2026-04-22,silent_dropout
S00988,10,10,1,2026-03-07,completer
S00989,10,10,1,2026-03-05,completer
S00990,10,7,0,2026-06-15,silent_dropout
S00991,10,3,0,2026-03-05,silent_dropout
S00992,10,7,0,2026-03-27,silent_dropout
S00993,10,10,1,2026-03-21,completer
S00994,10,7,0,2026-03-04,silent_dropout
S00995,10,10,1,2026-06-06,completer
S00996,10,10,1,2026-05-01,completer
S00997,10,2,0,2026-01-22,explicit_dropout
S00998,10,10,1,2026-02-01,completer
S00999,10,2,0,2026-01-15,explicit_dropout
S01000,10,10,1,2026-06-13,completer
S01001,10,10,1,2026-04-13,completer
S01002,10,10,1,2026-04-26,completer
S01003,10,2,0,2026-04-23,explicit_dropout
S01004,10,4,0,2026-04-24,silent_dropout
S01005,10,5,0,2026-05-08,silent_dropout
S01006,10,8,0,2026-05-22,silent_dropout
S01007,10,2,0,2026-04-01,silent_dropout
S01008,10,2,0,2026-02-16,silent_dropout
S01009,10,10,1,2026-03-06,completer
S01010,10,10,1,2026-06-12,completer
S01011,10,10,1,2026-06-12,completer
S01012,10,2,0,2026-05-05,explicit_dropout
S01013,10,1,0,2026-02-20,explicit_dropout
S01014,10,10,1,2026-06-17,completer
S01015,10,3,0,2026-01-23,silent_dropout
S01016,10,1,0,2026-01-31,explicit_dropout
S01017,10,10,1,2026-04-27,completer
S01018,10,7,0,2026-07-05,silent_dropout
S01019,10,1,0,2026-01-15,explicit_dropout
S01020,10,10,1,2026-02-23,completer
S01021,10,4,0,2026-06-05,silent_dropout
S01022,10,10,1,2026-04-22,completer
S01023,10,2,0,2026-04-12,explicit_dropout
S01024,10,0,0,2026-04-20,explicit_dropout
S01025,10,1,0,2026-02-02,explicit_dropout
S01026,10,10,1,2026-05-20,completer
S01027,10,2,0,2026-05-03,explicit_dropout
S01028,10,5,0,2026-03-17,silent_dropout
S01029,10,10,1,2026-02-27,completer
S01030,10,6,0,2026-03-08,silent_dropout
S01031,10,10,1,2026-05-28,completer
S01032,10,5,0,2026-02-24,silent_dropout
S01033,10,10,1,2026-04-21,completer
S01034,10,10,1,2026-04-07,completer
S01035,10,10,1,2026-02-25,completer
S01036,10,2,0,2026-02-21,silent_dropout
S01037,10,10,1,2026-05-01,completer
S01038,10,7,0,2026-05-11,silent_dropout
S01039,10,10,1,2026-03-19,completer
S01040,10,10,1,2026-02-20,completer
S01041,10,10,1,2026-02-23,completer
S01042,10,4,0,2026-06-18,silent_dropout
S01043,10,10,1,2026-03-06,completer
S01044,10,7,0,2026-05-01,silent_dropout
S01045,10,0,0,2026-04-08,explicit_dropout
S01046,10,6,0,2026-05-27,silent_dropout
S01047,10,10,1,2026-05-01,completer
S01048,10,10,1,2026-05-08,completer
S01049,10,2,0,2026-05-07,explicit_dropout
S01050,10,10,1,2026-06-13,completer
S01051,10,2,0,2026-01-03,explicit_dropout
S01052,10,10,1,2026-04-26,completer
S01053,10,1,0,2026-02-21,explicit_dropout
S01054,10,6,0,2026-04-19,silent_dropout
S01055,10,2,0,2026-02-22,explicit_dropout
S01056,10,10,1,2026-04-10,completer
S01057,10,7,0,2026-06-20,silent_dropout
S01058,10,10,1,2026-02-28,completer
S01059,10,10,1,2026-02-22,completer
S01060,10,8,0,2026-07-24,silent_dropout
S01061,10,0,0,2026-04-25,explicit_dropout
S01062,10,2,0,2026-04-01,explicit_dropout
S01063,10,6,0,2026-05-24,silent_dropout
S01064,10,10,1,2026-01-30,completer
S01065,10,10,1,2026-05-04,completer
S01066,10,2,0,2026-02-03,silent_dropout
S01067,10,10,1,2026-04-10,completer
S01068,10,10,1,2026-05-25,completer
S01069,10,10,1,2026-04-25,completer
S01070,10,10,1,2026-03-04,completer
S01071,10,10,1,2026-05-10,completer
S01072,10,10,1,2026-02-23,completer
S01073,10,10,1,2026-02-03,completer
S01074,10,10,1,2026-04-12,completer
S01075,10,1,0,2026-02-27,explicit_dropout
S01076,10,10,1,2026-03-06,completer
S01077,10,10,1,2026-02-20,completer
S01078,10,6,0,2026-07-14,silent_dropout
S01079,10,10,1,2026-01-22,completer
S01080,10,2,0,2026-02-02,explicit_dropout
S01081,10,8,0,2026-07-27,silent_dropout
S01082,10,10,1,2026-04-17,completer
S01083,10,10,1,2026-02-21,completer
S01084,10,0,0,2026-05-28,explicit_dropout
S01085,10,1,0,2026-03-08,explicit_dropout
S01086,10,10,1,2026-01-26,completer
S01087,10,4,0,2026-03-12,silent_dropout
S01088,10,10,1,2026-02-14,completer
S01089,10,0,0,2026-02-27,explicit_dropout
S01090,10,10,1,2026-03-03,completer
S01091,10,1,0,2026-01-31,explicit_dropout
S01092,10,4,0,2026-04-24,silent_dropout
S01093,10,5,0,2026-06-12,silent_dropout
S01094,10,10,1,2026-06-23,completer
S01095,10,10,1,2026-02-03,completer
S01096,10,10,1,2026-06-03,completer
S01097,10,10,1,2026-04-11,completer
S01098,10,10,1,2026-02-14,completer
S01099,10,6,0,2026-03-06,silent_dropout
S01100,10,10,1,2026-06-19,completer
S01101,10,10,1,2026-04-03,completer
S01102,10,0,0,2026-04-10,explicit_dropout
S01103,10,1,0,2026-05-16,explicit_dropout
S01104,10,0,0,2026-04-03,explicit_dropout
S01105,10,0,0,2026-02-18,explicit_dropout
S01106,10,10,1,2026-05-02,completer
S01107,10,10,1,2026-03-05,completer
S01108,10,5,0,2026-05-07,silent_dropout
S01109,10,4,0,2026-03-19,silent_dropout
S01110,10,10,1,2026-04-27,completer
S01111,10,5,0,2026-06-07,silent_dropout
S01112,10,10,1,2026-02-18,completer
S01113,10,10,1,2026-02-05,completer
S01114,10,10,1,2026-04-03,completer
S01115,10,5,0,2026-06-23,silent_dropout
S01116,10,8,0,2026-03-28,silent_dropout
S01117,10,10,1,2026-05-29,completer
S01118,10,1,0,2026-03-19,explicit_dropout
S01119,10,10,1,2026-04-18,completer
S01120,10,10,1,2026-02-27,completer
S01121,10,1,0,2026-03-16,explicit_dropout
S01122,10,1,0,2026-01-08,explicit_dropout
S01123,10,1,0,2026-02-15,explicit_dropout
S01124,10,4,0,2026-06-04,silent_dropout
S01125,10,8,0,2026-03-12,silent_dropout
S01126,10,5,0,2026-05-07,silent_dropout
S01127,10,10,1,2026-04-13,completer
S01128,10,10,1,2026-05-30,completer
S01129,10,10,1,2026-05-14,completer
S01130,10,10,1,2026-04-10,completer
S01131,10,8,0,2026-03-28,silent_dropout
S01132,10,10,1,2026-05-11,completer
S01133,10,10,1,2026-03-02,completer
S01134,10,10,1,2026-05-02,completer
S01135,10,3,0,2026-05-15,silent_dropout
S01136,10,10,1,2026-05-14,completer
S01137,10,2,0,2026-02-17,explicit_dropout
S01138,10,10,1,2026-05-30,completer
S01139,10,10,1,2026-04-25,completer
S01140,10,6,0,2026-04-04,silent_dropout
S01141,10,7,0,2026-05-11,silent_dropout
S01142,10,10,1,2026-04-16,completer
S01143,10,4,0,2026-02-11,silent_dropout
S01144,10,5,0,2026-06-02,silent_dropout
S01145,10,10,1,2026-06-02,completer
S01146,10,2,0,2026-01-17,explicit_dropout
S01147,10,2,0,2026-03-08,silent_dropout
S01148,10,4,0,2026-07-02,silent_dropout
S01149,10,0,0,2026-02-24,explicit_dropout
S01150,10,2,0,2026-03-17,explicit_dropout
S01151,10,2,0,2026-01-31,silent_dropout
S01152,10,6,0,2026-05-23,silent_dropout
S01153,10,8,0,2026-05-06,silent_dropout
S01154,10,2,0,2026-04-20,silent_dropout
S01155,10,4,0,2026-03-06,silent_dropout
S01156,10,3,0,2026-03-10,silent_dropout
S01157,10,10,1,2026-06-02,completer
S01158,10,1,0,2026-03-08,explicit_dropout
S01159,10,0,0,2026-05-19,explicit_dropout
S01160,10,10,1,2026-05-10,completer
S01161,10,7,0,2026-05-01,silent_dropout
S01162,10,10,1,2026-01-24,completer
S01163,10,10,1,2026-04-18,completer
S01164,10,5,0,2026-04-04,silent_dropout
S01165,10,10,1,2026-03-18,completer
S01166,10,6,0,2026-04-29,silent_dropout
S01167,10,5,0,2026-07-04,silent_dropout
S01168,10,10,1,2026-01-28,completer
S01169,10,10,1,2026-02-08,completer
S01170,10,10,1,2026-03-15,completer
S01171,10,6,0,2026-03-27,silent_dropout
S01172,10,2,0,2026-03-09,explicit_dropout
S01173,10,8,0,2026-05-12,silent_dropout
S01174,10,10,1,2026-06-06,completer
S01175,10,3,0,2026-03-03,silent_dropout
S01176,10,10,1,2026-04-03,completer
S01177,10,2,0,2026-06-21,silent_dropout
S01178,10,10,1,2026-05-11,completer
S01179,10,7,0,2026-06-09,silent_dropout
S01180,10,10,1,2026-01-27,completer
S01181,10,1,0,2026-04-18,explicit_dropout
S01182,10,10,1,2026-06-19,completer
S01183,10,5,0,2026-05-07,silent_dropout
S01184,10,0,0,2026-03-26,explicit_dropout
S01185,10,10,1,2026-06-19,completer
S01186,10,1,0,2026-02-02,explicit_dropout
S01187,10,6,0,2026-03-05,silent_dropout
S01188,10,10,1,2026-05-07,completer
S01189,10,10,1,2026-02-19,completer
S01190,10,6,0,2026-05-10,silent_dropout
S01191,10,10,1,2026-04-11,completer
S01192,10,6,0,2026-03-14,silent_dropout
S01193,10,10,1,2026-03-22,completer
S01194,10,6,0,2026-05-04,silent_dropout
S01195,10,10,1,2026-03-12,completer
S01196,10,2,0,2026-01-19,explicit_dropout
S01197,10,2,0,2026-03-30,explicit_dropout
S01198,10,2,0,2026-01-12,explicit_dropout
S01199,10,8,0,2026-05-19,silent_dropout
S01200,10,10,1,2026-02-18,completer
S01201,10,5,0,2026-06-01,silent_dropout
S01202,10,10,1,2026-03-18,completer
S01203,10,10,1,2026-02-02,completer
S01204,10,10,1,2026-03-06,completer
S01205,10,10,1,2026-06-14,completer
S01206,10,3,0,2026-06-21,silent_dropout
S01207,10,3,0,2026-04-26,silent_dropout
S01208,10,10,1,2026-02-14,completer
S01209,10,10,1,2026-04-03,completer
S01210,10,1,0,2026-04-07,explicit_dropout
S01211,10,10,1,2026-05-31,completer
S01212,10,10,1,2026-02-26,completer
S01213,10,10,1,2026-04-05,completer
S01214,10,8,0,2026-07-19,silent_dropout
S01215,10,2,0,2026-01-23,silent_dropout
S01216,10,10,1,2026-02-11,completer
S01217,10,10,1,2026-03-11,completer
S01218,10,5,0,2026-04-24,silent_dropout
S01219,10,4,0,2026-05-12,silent_dropout
S01220,10,10,1,2026-01-20,completer
S01221,10,0,0,2026-02-08,explicit_dropout
S01222,10,10,1,2026-02-12,completer
S01223,10,10,1,2026-04-26,completer
S01224,10,1,0,2026-04-24,explicit_dropout
S01225,10,10,1,2026-03-10,completer
S01226,10,8,0,2026-06-24,silent_dropout
S01227,10,10,1,2026-03-16,completer
S01228,10,10,1,2026-01-27,completer
S01229,10,2,0,2026-02-19,explicit_dropout
S01230,10,10,1,2026-03-22,completer
S01231,10,2,0,2026-05-10,explicit_dropout
S01232,10,10,1,2026-06-21,completer
S01233,10,10,1,2026-03-23,completer
S01234,10,10,1,2026-02-14,completer
S01235,10,2,0,2026-06-03,silent_dropout
S01236,10,10,1,2026-02-28,completer
S01237,10,0,0,2026-05-29,explicit_dropout
S01238,10,10,1,2026-06-16,completer
S01239,10,2,0,2026-01-30,explicit_dropout
S01240,10,10,1,2026-05-04,completer
S01241,10,2,0,2026-05-16,explicit_dropout
S01242,10,6,0,2026-07-13,silent_dropout
S01243,10,7,0,2026-04-12,silent_dropout
S01244,10,7,0,2026-06-05,silent_dropout
S01245,10,4,0,2026-04-18,silent_dropout
S01246,10,3,0,2026-03-11,silent_dropout
S01247,10,10,1,2026-03-24,completer
S01248,10,10,1,2026-01-23,completer
S01249,10,1,0,2026-04-04,explicit_dropout
S01250,10,7,0,2026-06-06,silent_dropout
S01251,10,6,0,2026-03-11,silent_dropout
S01252,10,10,1,2026-05-10,completer
S01253,10,10,1,2026-04-10,completer
S01254,10,10,1,2026-03-24,completer
S01255,10,2,0,2026-03-01,silent_dropout
S01256,10,10,1,2026-06-17,completer
S01257,10,10,1,2026-01-22,completer
S01258,10,10,1,2026-01-25,completer
S01259,10,10,1,2026-05-03,completer
S01260,10,4,0,2026-06-02,silent_dropout
S01261,10,10,1,2026-03-05,completer
S01262,10,8,0,2026-07-02,silent_dropout
S01263,10,10,1,2026-05-31,completer
S01264,10,10,1,2026-01-24,completer
S01265,10,10,1,2026-04-21,completer
S01266,10,10,1,2026-02-27,completer
S01267,10,10,1,2026-06-05,completer
S01268,10,10,1,2026-02-21,completer
S01269,10,8,0,2026-06-16,silent_dropout
S01270,10,10,1,2026-06-06,completer
S01271,10,8,0,2026-05-21,silent_dropout
S01272,10,2,0,2026-05-19,explicit_dropout
S01273,10,5,0,2026-06-07,silent_dropout
S01274,10,10,1,2026-06-01,completer
S01275,10,10,1,2026-05-24,completer
S01276,10,10,1,2026-05-21,completer
S01277,10,10,1,2026-03-28,completer
S01278,10,2,0,2026-04-14,explicit_dropout
S01279,10,10,1,2026-04-29,completer
S01280,10,10,1,2026-04-15,completer
S01281,10,3,0,2026-04-23,silent_dropout
S01282,10,5,0,2026-06-06,silent_dropout
S01283,10,4,0,2026-03-06,silent_dropout
S01284,10,10,1,2026-04-12,completer
S01285,10,10,1,2026-05-20,completer
S01286,10,10,1,2026-04-04,completer
S01287,10,10,1,2026-05-28,completer
S01288,10,10,1,2026-05-10,completer
S01289,10,10,1,2026-02-01,completer
S01290,10,10,1,2026-02-18,completer
S01291,10,10,1,2026-06-22,completer
S01292,10,10,1,2026-06-07,completer
S01293,10,2,0,2026-02-02,silent_dropout
S01294,10,6,0,2026-03-23,silent_dropout
S01295,10,7,0,2026-07-17,silent_dropout
S01296,10,10,1,2026-03-30,completer
S01297,10,10,1,2026-06-19,completer
S01298,10,10,1,2026-05-04,completer
S01299,10,3,0,2026-02-11,silent_dropout
S01300,10,2,0,2026-02-13,silent_dropout
S01301,10,10,1,2026-03-03,completer
S01302,10,0,0,2026-04-08,explicit_dropout
S01303,10,10,1,2026-05-12,completer
S01304,10,10,1,2026-02-08,completer
S01305,10,8,0,2026-03-25,silent_dropout
S01306,10,1,0,2026-05-07,explicit_dropout
S01307,10,6,0,2026-03-01,silent_dropout
S01308,10,2,0,2026-04-13,silent_dropout
S01309,10,10,1,2026-05-06,completer
S01310,10,7,0,2026-06-09,silent_dropout
S01311,10,10,1,2026-03-31,completer
S01312,10,0,0,2026-01-03,explicit_dropout
S01313,10,10,1,2026-03-02,completer
S01314,10,3,0,2026-03-03,silent_dropout
S01315,10,10,1,2026-05-03,completer
S01316,10,8,0,2026-04-04,silent_dropout
S01317,10,10,1,2026-04-16,completer
S01318,10,3,0,2026-05-05,silent_dropout
S01319,10,10,1,2026-01-26,completer
S01320,10,10,1,2026-02-15,completer
S01321,10,10,1,2026-06-09,completer
S01322,10,10,1,2026-05-21,completer
S01323,10,1,0,2026-01-10,explicit_dropout
S01324,10,10,1,2026-06-10,completer
S01325,10,0,0,2026-04-24,explicit_dropout
S01326,10,10,1,2026-06-01,completer
S01327,10,10,1,2026-01-21,completer
S01328,10,3,0,2026-04-14,silent_dropout
S01329,10,6,0,2026-03-11,silent_dropout
S01330,10,10,1,2026-04-01,completer
S01331,10,5,0,2026-04-14,silent_dropout
S01332,10,5,0,2026-02-13,silent_dropout
S01333,10,10,1,2026-04-08,completer
S01334,10,2,0,2026-05-01,explicit_dropout
S01335,10,0,0,2026-02-14,explicit_dropout
S01336,10,3,0,2026-06-19,silent_dropout
S01337,10,10,1,2026-03-16,completer
S01338,10,3,0,2026-03-30,silent_dropout
S01339,10,10,1,2026-04-17,completer
S01340,10,10,1,2026-03-21,completer
S01341,10,10,1,2026-02-20,completer
S01342,10,10,1,2026-06-18,completer
S01343,10,0,0,2026-05-27,explicit_dropout
S01344,10,7,0,2026-03-22,silent_dropout
S01345,10,8,0,2026-07-14,silent_dropout
S01346,10,10,1,2026-04-03,completer
S01347,10,10,1,2026-04-13,completer
S01348,10,10,1,2026-02-14,completer
S01349,10,1,0,2026-03-24,explicit_dropout
S01350,10,10,1,2026-05-18,completer
S01351,10,0,0,2026-01-22,explicit_dropout
S01352,10,2,0,2026-04-28,silent_dropout
S01353,10,10,1,2026-03-25,completer
S01354,10,8,0,2026-07-27,silent_dropout
S01355,10,10,1,2026-03-30,completer
S01356,10,0,0,2026-01-15,explicit_dropout
S01357,10,1,0,2026-04-21,explicit_dropout
S01358,10,10,1,2026-05-15,completer
S01359,10,10,1,2026-05-21,completer
S01360,10,3,0,2026-05-14,silent_dropout
S01361,10,2,0,2026-03-20,explicit_dropout
S01362,10,10,1,2026-03-30,completer
S01363,10,5,0,2026-04-29,silent_dropout
S01364,10,2,0,2026-03-09,silent_dropout
S01365,10,8,0,2026-06-21,silent_dropout
S01366,10,10,1,2026-01-26,completer
S01367,10,3,0,2026-03-10,silent_dropout
S01368,10,1,0,2026-04-10,explicit_dropout
S01369,10,10,1,2026-05-07,completer
S01370,10,10,1,2026-04-20,completer
S01371,10,0,0,2026-03-02,explicit_dropout
S01372,10,10,1,2026-02-20,completer
S01373,10,1,0,2026-04-18,explicit_dropout
S01374,10,10,1,2026-05-31,completer
S01375,10,10,1,2026-04-23,completer
S01376,10,1,0,2026-03-25,explicit_dropout
S01377,10,10,1,2026-06-03,completer
S01378,10,10,1,2026-02-27,completer
S01379,10,10,1,2026-03-15,completer
S01380,10,5,0,2026-07-02,silent_dropout
S01381,10,10,1,2026-02-13,completer
S01382,10,10,1,2026-03-19,completer
S01383,10,1,0,2026-04-27,explicit_dropout
S01384,10,10,1,2026-04-14,completer
S01385,10,2,0,2026-06-11,silent_dropout
S01386,10,10,1,2026-05-21,completer
S01387,10,6,0,2026-03-08,silent_dropout
S01388,10,10,1,2026-01-28,completer
S01389,10,1,0,2026-04-12,explicit_dropout
S01390,10,10,1,2026-03-21,completer
S01391,10,10,1,2026-02-03,completer
S01392,10,10,1,2026-04-10,completer
S01393,10,10,1,2026-02-23,completer
S01394,10,10,1,2026-05-27,completer
S01395,10,10,1,2026-02-09,completer
S01396,10,3,0,2026-02-12,silent_dropout
S01397,10,10,1,2026-03-18,completer
S01398,10,10,1,2026-03-29,completer
S01399,10,7,0,2026-07-14,silent_dropout
S01400,10,4,0,2026-02-13,silent_dropout
S01401,10,10,1,2026-02-13,completer
S01402,10,10,1,2026-06-07,completer
S01403,10,10,1,2026-03-16,completer
S01404,10,3,0,2026-06-25,silent_dropout
S01405,10,5,0,2026-05-12,silent_dropout
S01406,10,10,1,2026-03-16,completer
S01407,10,3,0,2026-04-09,silent_dropout
S01408,10,6,0,2026-03-10,silent_dropout
S01409,10,5,0,2026-04-19,silent_dropout
S01410,10,2,0,2026-04-02,explicit_dropout
S01411,10,10,1,2026-02-02,completer
S01412,10,10,1,2026-06-06,completer
S01413,10,10,1,2026-02-15,completer
S01414,10,10,1,2026-04-15,completer
S01415,10,10,1,2026-05-29,completer
S01416,10,1,0,2026-05-24,explicit_dropout
S01417,10,10,1,2026-01-30,completer
S01418,10,10,1,2026-03-26,completer
S01419,10,10,1,2026-02-25,completer
S01420,10,2,0,2026-02-08,explicit_dropout
S01421,10,10,1,2026-02-05,completer
S01422,10,10,1,2026-04-08,completer
S01423,10,10,1,2026-03-30,completer
S01424,10,10,1,2026-05-22,completer
S01425,10,1,0,2026-01-25,explicit_dropout
S01426,10,1,0,2026-04-17,explicit_dropout
S01427,10,10,1,2026-04-24,completer
S01428,10,2,0,2026-01-07,explicit_dropout
S01429,10,7,0,2026-06-03,silent_dropout
S01430,10,2,0,2026-01-31,explicit_dropout
S01431,10,10,1,2026-03-03,completer
S01432,10,10,1,2026-05-02,completer
S01433,10,10,1,2026-06-07,completer
S01434,10,8,0,2026-06-27,silent_dropout
S01435,10,10,1,2026-04-22,completer
S01436,10,10,1,2026-05-20,completer
S01437,10,10,1,2026-04-21,completer
S01438,10,7,0,2026-02-28,silent_dropout
S01439,10,10,1,2026-04-13,completer
S01440,10,7,0,2026-04-25,silent_dropout
S01441,10,2,0,2026-05-03,explicit_dropout
S01442,10,10,1,2026-02-13,completer
S01443,10,6,0,2026-07-11,silent_dropout
S01444,10,10,1,2026-05-18,completer
S01445,10,0,0,2026-05-01,explicit_dropout
S01446,10,10,1,2026-05-06,completer
S01447,10,5,0,2026-03-22,silent_dropout
S01448,10,3,0,2026-05-02,silent_dropout
S01449,10,0,0,2026-05-16,explicit_dropout
S01450,10,8,0,2026-03-26,silent_dropout
S01451,10,10,1,2026-03-15,completer
S01452,10,7,0,2026-04-12,silent_dropout
S01453,10,1,0,2026-04-22,explicit_dropout
S01454,10,8,0,2026-05-06,silent_dropout
S01455,10,10,1,2026-01-22,completer
S01456,10,2,0,2026-05-23,explicit_dropout
S01457,10,4,0,2026-03-06,silent_dropout
S01458,10,4,0,2026-05-12,silent_dropout
S01459,10,10,1,2026-03-03,completer
S01460,10,7,0,2026-06-03,silent_dropout
S01461,10,10,1,2026-04-20,completer
S01462,10,6,0,2026-05-23,silent_dropout
S01463,10,10,1,2026-06-13,completer
S01464,10,7,0,2026-07-01,silent_dropout
S01465,10,1,0,2026-02-21,explicit_dropout
S01466,10,10,1,2026-03-22,completer
S01467,10,0,0,2026-05-30,explicit_dropout
S01468,10,10,1,2026-06-10,completer
S01469,10,0,0,2026-05-19,explicit_dropout
S01470,10,7,0,2026-05-24,silent_dropout
S01471,10,3,0,2026-04-21,silent_dropout
S01472,10,6,0,2026-06-18,silent_dropout
S01473,10,0,0,2026-01-04,explicit_dropout
S01474,10,10,1,2026-01-24,completer
S01475,10,10,1,2026-05-05,completer
S01476,10,2,0,2026-06-14,silent_dropout
S01477,10,7,0,2026-02-27,silent_dropout
S01478,10,3,0,2026-03-23,silent_dropout
S01479,10,4,0,2026-04-29,silent_dropout
S01480,10,10,1,2026-06-08,completer
S01481,10,3,0,2026-03-08,silent_dropout
S01482,10,10,1,2026-05-23,completer
S01483,10,10,1,2026-04-26,completer
S01484,10,10,1,2026-06-14,completer
S01485,10,10,1,2026-02-07,completer
S01486,10,10,1,2026-05-04,completer
S01487,10,10,1,2026-04-28,completer
S01488,10,8,0,2026-05-14,silent_dropout
S01489,10,10,1,2026-01-26,completer
S01490,10,10,1,2026-03-22,completer
S01491,10,10,1,2026-06-17,completer
S01492,10,10,1,2026-05-19,completer
S01493,10,10,1,2026-05-26,completer
S01494,10,10,1,2026-06-11,completer
S01495,10,8,0,2026-04-02,silent_dropout
S01496,10,4,0,2026-03-08,silent_dropout
S01497,10,4,0,2026-02-07,silent_dropout
S01498,10,10,1,2026-05-21,completer
S01499,10,10,1,2026-06-01,completer
S01500,10,1,0,2026-04-18,explicit_dropout
