student_id,enrollment_date,course_id,age
S00001,2026-02-17,COURSE_101,29
S00002,2026-03-15,COURSE_101,27
S00003,2026-02-05,COURSE_101,34
S00004,2026-04-18,COURSE_101,24
S00005,2026-01-24,COURSE_101,34
S00006,2026-05-24,COURSE_101,30
S00007,2026-02-04,COURSE_101,19
S00008,2026-03-01,COURSE_101,42
S00009,2026-05-10,COURSE_101,20
S00010,2026-05-19,COURSE_101,36
S00011,2026-01-28,COURSE_101,40
S00012,2026-02-08,COURSE_101,26
S00013,2026-01-18,COURSE_101,28
S00014,2026-01-10,COURSE_101,22
S00015,2026-03-21,COURSE_101,44
S00016,2026-04-19,COURSE_101,35
S00017,2026-04-17,COURSE_101,31
S00018,2026-04-08,COURSE_101,22
S00019,2026-02-20,COURSE_101,43
S00020,2026-05-06,COURSE_101,40
S00021,2026-03-28,COURSE_101,41
S00022,2026-02-21,COURSE_101,42
S00023,2026-05-12,COURSE_101,41
S00024,2026-02-06,COURSE_101,26
S00025,2026-01-02,COURSE_101,40
S00026,2026-04-14,COURSE_101,30
S00027,2026-03-10,COURSE_101,29
S00028,2026-05-19,COURSE_101,41
S00029,2026-05-23,COURSE_101,26
S00030,2026-02-04,COURSE_101,19
S00031,2026-01-13,COURSE_101,28
S00032,2026-05-27,COURSE_101,24
S00033,2026-01-13,COURSE_101,23
S00034,2026-01-17,COURSE_101,42
S00035,2026-05-02,COURSE_101,33
S00036,2026-04-14,COURSE_101,21
S00037,2026-03-31,COURSE_101,31
S00038,2026-05-21,COURSE_101,22
S00039,2026-03-15,COURSE_101,44
S00040,2026-03-23,COURSE_101,44
S00041,2026-02-09,COURSE_101,33
S00042,2026-01-22,COURSE_101,23
S00043,2026-03-25,COURSE_101,40
S00044,2026-03-24,COURSE_101,38
S00045,2026-03-16,COURSE_101,19
S00046,2026-05-04,COURSE_101,44
S00047,2026-04-10,COURSE_101,37
S00048,2026-02-16,COURSE_101,39
S00049,2026-05-19,COURSE_101,38
S00050,2026-03-02,COURSE_101,41
S00051,2026-03-13,COURSE_101,27
S00052,2026-04-08,COURSE_101,26
S00053,2026-04-30,COURSE_101,39
S00054,2026-03-21,COURSE_101,29
S00055,2026-04-28,COURSE_101,42
S00056,2026-04-14,COURSE_101,30
S00057,2026-03-20,COURSE_101,38
S00058,2026-03-03,COURSE_101,29
S00059,2026-01-28,COURSE_101,31
S00060,2026-04-24,COURSE_101,36
S00061,2026-03-06,COURSE_101,36
S00062,2026-02-06,COURSE_101,23
S00063,2026-05-07,COURSE_101,31
S00064,2026-04-05,COURSE_101,34
S00065,2026-05-09,COURSE_101,32
S00066,2026-01-01,COURSE_101,37
S00067,2026-03-09,COURSE_101,26
S00068,2026-02-13,COURSE_101,31
S00069,2026-02-15,COURSE_101,39
S00070,2026-02-09,COURSE_101,18
S00071,2026-03-06,COURSE_101,34
S00072,2026-03-19,COURSE_101,23
S00073,2026-02-27,COURSE_101,23
S00074,2026-04-22,COURSE_101,37
S00075,2026-01-30,COURSE_101,20
S00076,2026-01-11,COURSE_101,37
S00077,2026-05-04,COURSE_101,43
S00078,2026-03-09,COURSE_101,20
S00079,2026-01-12,COURSE_101,24
S00080,2026-01-24,COURSE_101,30
S00081,2026-01-27,COURSE_101,38
S00082,2026-01-31,COURSE_101,43
S00083,2026-04-21,COURSE_101,23
S00084,2026-04-26,COURSE_101,31
S00085,2026-04-12,COURSE_101,33
S00086,2026-02-08,COURSE_101,18
S00087,2026-04-18,COURSE_101,32
S00088,2026-05-03,COURSE_101,21
S00089,2026-02-15,COURSE_101,33
S00090,2026-03-08,COURSE_101,40
S00091,2026-02-23,COURSE_101,39
S00092,2026-04-27,COURSE_101,36
S00093,2026-01-25,COURSE_101,21
S00094,2026-04-30,COURSE_101,40
S00095,2026-01-14,COURSE_101,21
S00096,2026-01-06,COURSE_101,33
S00097,2026-03-02,COURSE_101,43
S00098,2026-05-10,COURSE_101,41
S00099,2026-02-25,COURSE_101,36
S00100,2026-02-11,COURSE_101,39
S00101,2026-02-01,COURSE_101,34
S00102,2026-04-07,COURSE_101,38
S00103,2026-02-10,COURSE_101,34
S00104,2026-03-23,COURSE_101,30
S00105,2026-03-19,COURSE_101,33
S00106,2026-03-07,COURSE_101,31
S00107,2026-01-14,COURSE_101,24
S00108,2026-01-20,COURSE_101,32
S00109,2026-01-13,COURSE_101,32
S00110,2026-04-16,COURSE_101,27
S00111,2026-03-09,COURSE_101,27
S00112,2026-03-31,COURSE_101,40
S00113,2026-01-16,COURSE_101,32
S00114,2026-05-25,COURSE_101,43
S00115,2026-05-18,COURSE_101,18
S00116,2026-05-21,COURSE_101,28
S00117,2026-02-05,COURSE_101,30
S00118,2026-05-11,COURSE_101,36
S00119,2026-01-14,COURSE_101,27
S00120,2026-02-26,COURSE_101,28
S00121,2026-05-30,COURSE_101,27
S00122,2026-05-17,COURSE_101,44
S00123,2026-01-03,COURSE_101,19
S00124,2026-03-08,COURSE_101,19
S00125,2026-04-04,COURSE_101,37
S00126,2026-02-20,COURSE_101,38
S00127,2026-01-20,COURSE_101,42
S00128,2026-04-01,COURSE_101,34
S00129,2026-03-13,COURSE_101,41
S00130,2026-01-28,COURSE_101,41
S00131,2026-04-17,COURSE_101,34
S00132,2026-03-10,COURSE_101,20
S00133,2026-01-30,COURSE_101,21
S00134,2026-04-14,COURSE_101,40
S00135,2026-04-07,COURSE_101,18
S00136,2026-05-10,COURSE_101,29
S00137,2026-05-13,COURSE_101,44
S00138,2026-04-16,COURSE_101,44
S00139,2026-01-02,COURSE_101,29
S00140,2026-05-17,COURSE_101,44
S00141,2026-01-15,COURSE_101,39
S00142,2026-03-15,COURSE_101,33
S00143,2026-05-07,COURSE_101,31
S00144,2026-05-26,COURSE_101,38
S00145,2026-05-18,COURSE_101,25
S00146,2026-02-16,COURSE_101,37
S00147,2026-03-24,COURSE_101,44
S00148,2026-05-03,COURSE_101,37
S00149,2026-04-28,COURSE_101,44
S00150,2026-04-13,COURSE_101,22
S00151,2026-04-29,COURSE_101,37
S00152,2026-04-01,COURSE_101,37
S00153,2026-05-13,COURSE_101,29
S00154,2026-02-09,COURSE_101,19
S00155,2026-04-13,COURSE_101,19
S00156,2026-01-16,COURSE_101,31
S00157,2026-04-03,COURSE_101,31
S00158,2026-04-23,COURSE_101,26
S00159,2026-03-29,COURSE_101,19
S00160,2026-04-14,COURSE_101,43
S00161,2026-02-23,COURSE_101,36
S00162,2026-05-05,COURSE_101,35
S00163,2026-03-29,COURSE_101,44
S00164,2026-04-15,COURSE_101,22
S00165,2026-03-21,COURSE_101,35
S00166,2026-05-21,COURSE_101,43
S00167,2026-04-15,COURSE_101,21
S00168,2026-05-19,COURSE_101,35
S00169,2026-04-02,COURSE_101,22
S00170,2026-03-12,COURSE_101,41
S00171,2026-05-08,COURSE_101,35
S00172,2026-03-30,COURSE_101,28
S00173,2026-01-15,COURSE_101,35
S00174,2026-04-17,COURSE_101,44
S00175,2026-02-22,COURSE_101,44
S00176,2026-03-30,COURSE_101,21
S00177,2026-04-23,COURSE_101,33
S00178,2026-03-22,COURSE_101,28
S00179,2026-05-28,COURSE_101,19
S00180,2026-03-06,COURSE_101,21
S00181,2026-03-07,COURSE_101,29
S00182,2026-01-23,COURSE_101,40
S00183,2026-03-26,COURSE_101,21
S00184,2026-01-21,COURSE_101,38
S00185,2026-01-26,COURSE_101,18
S00186,2026-03-10,COURSE_101,40
S00187,2026-05-07,COURSE_101,42
S00188,2026-02-16,COURSE_101,33
S00189,2026-01-19,COURSE_101,38
S00190,2026-03-04,COURSE_101,41
S00191,2026-05-03,COURSE_101,28
S00192,2026-03-01,COURSE_101,42
S00193,2026-05-27,COURSE_101,30
S00194,2026-03-31,COURSE_101,21
S00195,2026-03-16,COURSE_101,33
S00196,2026-01-05,COURSE_101,44
S00197,2026-04-09,COURSE_101,33
S00198,2026-03-25,COURSE_101,32
S00199,2026-01-01,COURSE_101,20
S00200,2026-01-13,COURSE_101,35
S00201,2026-03-09,COURSE_101,24
S00202,2026-05-20,COURSE_101,28
S00203,2026-01-24,COURSE_101,28
S00204,2026-01-17,COURSE_101,37
S00205,2026-02-17,COURSE_101,41
S00206,2026-04-21,COURSE_101,43
S00207,2026-04-08,COURSE_101,24
S00208,2026-03-14,COURSE_101,32
S00209,2026-03-30,COURSE_101,33
S00210,2026-03-21,COURSE_101,41
S00211,2026-01-24,COURSE_101,33
S00212,2026-01-19,COURSE_101,21
S00213,2026-03-13,COURSE_101,41
S00214,2026-05-24,COURSE_101,25
S00215,2026-02-17,COURSE_101,24
S00216,2026-03-29,COURSE_101,19
S00217,2026-03-09,COURSE_101,38
S00218,2026-02-12,COURSE_101,33
S00219,2026-02-21,COURSE_101,39
S00220,2026-03-06,COURSE_101,36
S00221,2026-05-26,COURSE_101,21
S00222,2026-04-26,COURSE_101,30
S00223,2026-04-01,COURSE_101,42
S00224,2026-02-21,COURSE_101,38
S00225,2026-04-19,COURSE_101,39
S00226,2026-02-07,COURSE_101,31
S00227,2026-03-26,COURSE_101,20
S00228,2026-03-18,COURSE_101,25
S00229,2026-01-14,COURSE_101,34
S00230,2026-03-02,COURSE_101,24
S00231,2026-02-06,COURSE_101,21
S00232,2026-03-28,COURSE_101,37
S00233,2026-01-26,COURSE_101,21
S00234,2026-01-26,COURSE_101,30
S00235,2026-05-13,COURSE_101,18
S00236,2026-01-11,COURSE_101,26
S00237,2026-05-05,COURSE_101,41
S00238,2026-04-25,COURSE_101,29
S00239,2026-02-10,COURSE_101,31
S00240,2026-05-26,COURSE_101,41
S00241,2026-02-11,COURSE_101,18
S00242,2026-01-21,COURSE_101,33
S00243,2026-02-05,COURSE_101,44
S00244,2026-03-13,COURSE_101,31
S00245,2026-05-12,COURSE_101,44
S00246,2026-05-17,COURSE_101,25
S00247,2026-03-21,COURSE_101,37
S00248,2026-05-13,COURSE_101,28
S00249,2026-02-23,COURSE_101,30
S00250,2026-03-27,COURSE_101,33
S00251,2026-04-28,COURSE_101,43
S00252,2026-01-10,COURSE_101,33
S00253,2026-04-26,COURSE_101,44
S00254,2026-02-22,COURSE_101,44
S00255,2026-01-15,COURSE_101,36
S00256,2026-02-21,COURSE_101,31
S00257,2026-03-22,COURSE_101,32
S00258,2026-03-07,COURSE_101,27
S00259,2026-02-08,COURSE_101,38
S00260,2026-04-30,COURSE_101,39
S00261,2026-05-17,COURSE_101,43
S00262,2026-01-06,COURSE_101,35
S00263,2026-03-21,COURSE_101,20
S00264,2026-03-13,COURSE_101,42
S00265,2026-05-22,COURSE_101,22
S00266,2026-03-12,COURSE_101,42
S00267,2026-03-12,COURSE_101,37
S00268,2026-05-06,COURSE_101,25
S00269,2026-03-19,COURSE_101,36
S00270,2026-03-23,COURSE_101,21
S00271,2026-04-24,COURSE_101,34
S00272,2026-04-18,COURSE_101,30
S00273,2026-05-06,COURSE_101,42
S00274,2026-05-26,COURSE_101,33
S00275,2026-01-13,COURSE_101,32
S00276,2026-01-23,COURSE_101,35
S00277,2026-01-27,COURSE_101,29
S00278,2026-03-24,COURSE_101,25
S00279,2026-05-19,COURSE_101,26
S00280,2026-05-10,COURSE_101,24
S00281,2026-01-15,COURSE_101,31
S00282,2026-02-10,COURSE_101,42
S00283,2026-03-05,COURSE_101,27
S00284,2026-04-22,COURSE_101,44
S00285,2026-05-14,COURSE_101,44
S00286,2026-04-30,COURSE_101,34
S00287,2026-04-17,COURSE_101,20
S00288,2026-01-12,COURSE_101,26
S00289,2026-05-17,COURSE_101,35
S00290,2026-02-01,COURSE_101,24
S00291,2026-01-17,COURSE_101,39
S00292,2026-01-09,COURSE_101,19
S00293,2026-04-01,COURSE_101,44
S00294,2026-02-03,COURSE_101,30
S00295,2026-05-27,COURSE_101,33
S00296,2026-01-11,COURSE_101,25
S00297,2026-04-14,COURSE_101,28
S00298,2026-01-05,COURSE_101,26
S00299,2026-03-15,COURSE_101,32
S00300,2026-01-16,COURSE_101,27
S00301,2026-04-20,COURSE_101,36
S00302,2026-05-07,COURSE_101,24
S00303,2026-02-10,COURSE_101,40
S00304,2026-02-05,COURSE_101,26
S00305,2026-03-17,COURSE_101,34
S00306,2026-02-03,COURSE_101,36
S00307,2026-01-22,COURSE_101,43
S00308,2026-04-18,COURSE_101,24
S00309,2026-01-29,COURSE_101,36
S00310,2026-01-08,COURSE_101,31
S00311,2026-02-01,COURSE_101,44
S00312,2026-01-16,COURSE_101,35
S00313,2026-02-13,COURSE_101,41
S00314,2026-01-07,COURSE_101,20
S00315,2026-05-02,COURSE_101,27
S00316,2026-02-01,COURSE_101,21
S00317,2026-02-16,COURSE_101,35
S00318,2026-05-13,COURSE_101,37
S00319,2026-05-22,COURSE_101,30
S00320,2026-05-18,COURSE_101,43
S00321,2026-04-12,COURSE_101,19
S00322,2026-05-21,COURSE_101,35
S00323,2026-04-26,COURSE_101,22
S00324,2026-04-26,COURSE_101,40
S00325,2026-03-26,COURSE_101,32
S00326,2026-03-31,COURSE_101,32
S00327,2026-05-08,COURSE_101,19
S00328,2026-03-26,COURSE_101,30
S00329,2026-01-14,COURSE_101,38
S00330,2026-03-02,COURSE_101,23
S00331,2026-01-03,COURSE_101,19
S00332,2026-03-14,COURSE_101,38
S00333,2026-04-27,COURSE_101,35
S00334,2026-04-09,COURSE_101,20
S00335,2026-01-14,COURSE_101,25
S00336,2026-04-03,COURSE_101,21
S00337,2026-03-15,COURSE_101,41
S00338,2026-01-06,COURSE_101,38
S00339,2026-03-15,COURSE_101,32
S00340,2026-05-03,COURSE_101,29
S00341,2026-04-29,COURSE_101,33
S00342,2026-03-13,COURSE_101,22
S00343,2026-05-06,COURSE_101,43
S00344,2026-04-28,COURSE_101,23
S00345,2026-02-14,COURSE_101,30
S00346,2026-01-20,COURSE_101,34
S00347,2026-05-25,COURSE_101,24
S00348,2026-01-09,COURSE_101,20
S00349,2026-05-16,COURSE_101,27
S00350,2026-01-18,COURSE_101,19
S00351,2026-03-29,COURSE_101,36
S00352,2026-01-12,COURSE_101,34
S00353,2026-05-07,COURSE_101,31
S00354,2026-02-28,COURSE_101,43
S00355,2026-02-19,COURSE_101,40
S00356,2026-01-27,COURSE_101,26
S00357,2026-05-10,COURSE_101,38
S00358,2026-03-03,COURSE_101,23
S00359,2026-03-06,COURSE_101,21
S00360,2026-05-11,COURSE_101,31
S00361,2026-04-09,COURSE_101,34
S00362,2026-05-17,COURSE_101,29
S00363,2026-05-27,COURSE_101,19
S00364,2026-03-20,COURSE_101,36
S00365,2026-02-27,COURSE_101,30
S00366,2026-04-21,COURSE_101,31
S00367,2026-01-13,COURSE_101,27
S00368,2026-01-06,COURSE_101,36
S00369,2026-01-06,COURSE_101,40
S00370,2026-04-26,COURSE_101,42
S00371,2026-02-25,COURSE_101,19
S00372,2026-03-14,COURSE_101,19
S00373,2026-04-03,COURSE_101,42
S00374,2026-05-03,COURSE_101,31
S00375,2026-05-23,COURSE_101,18
S00376,2026-03-04,COURSE_101,36
S00377,2026-03-17,COURSE_101,28
S00378,2026-02-27,COURSE_101,44
S00379,2026-05-24,COURSE_101,31
S00380,2026-01-28,COURSE_101,25
S00381,2026-02-26,COURSE_101,20
S00382,2026-03-22,COURSE_101,27
S00383,2026-01-03,COURSE_101,33
S00384,2026-02-23,COURSE_101,38
S00385,2026-04-22,COURSE_101,41
S00386,2026-05-01,COURSE_101,41
S00387,2026-05-03,COURSE_101,43
S00388,2026-05-26,COURSE_101,36
S00389,2026-02-09,COURSE_101,26
S00390,2026-03-26,COURSE_101,39
S00391,2026-05-26,COURSE_101,43
S00392,2026-04-21,COURSE_101,24
S00393,2026-01-26,COURSE_101,42
S00394,2026-01-17,COURSE_101,37
S00395,2026-01-30,COURSE_101,28
S00396,2026-04-22,COURSE_101,24
S00397,2026-03-30,COURSE_101,22
S00398,2026-05-12,COURSE_101,19
S00399,2026-03-06,COURSE_101,43
S00400,2026-01-26,COURSE_101,43
S00401,2026-04-23,COURSE_101,34
S00402,2026-05-01,COURSE_101,18
S00403,2026-04-29,COURSE_101,22
S00404,2026-03-14,COURSE_101,32
S00405,2026-01-06,COURSE_101,36
S00406,2026-01-11,COURSE_101,25
S00407,2026-01-07,COURSE_101,30
S00408,2026-04-16,COURSE_101,35
S00409,2026-05-05,COURSE_101,35
S00410,2026-01-16,COURSE_101,24
S00411,2026-01-07,COURSE_101,33
S00412,2026-04-11,COURSE_101,21
S00413,2026-01-01,COURSE_101,27
S00414,2026-05-18,COURSE_101,23
S00415,2026-05-30,COURSE_101,19
S00416,2026-05-01,COURSE_101,18
S00417,2026-03-21,COURSE_101,18
S00418,2026-03-03,COURSE_101,27
S00419,2026-04-16,COURSE_101,42
S00420,2026-01-28,COURSE_101,28
S00421,2026-01-21,COURSE_101,34
S00422,2026-03-03,COURSE_101,25
S00423,2026-01-22,COURSE_101,25
S00424,2026-02-03,COURSE_101,39
S00425,2026-01-20,COURSE_101,18
S00426,2026-04-21,COURSE_101,18
S00427,2026-04-08,COURSE_101,43
S00428,2026-01-01,COURSE_101,38
S00429,2026-04-02,COURSE_101,42
S00430,2026-02-04,COURSE_101,29
S00431,2026-05-25,COURSE_101,36
S00432,2026-05-15,COURSE_101,21
S00433,2026-01-10,COURSE_101,30
S00434,2026-01-06,COURSE_101,21
S00435,2026-01-10,COURSE_101,21
S00436,2026-03-30,COURSE_101,34
S00437,2026-02-02,COURSE_101,25
S00438,2026-02-17,COURSE_101,20
S00439,2026-02-24,COURSE_101,25
S00440,2026-02-13,COURSE_101,29
S00441,2026-02-18,COURSE_101,19
S00442,2026-03-11,COURSE_101,29
S00443,2026-02-12,COURSE_101,26
S00444,2026-05-10,COURSE_101,22
S00445,2026-01-14,COURSE_101,44
S00446,2026-05-19,COURSE_101,44
S00447,2026-03-08,COURSE_101,20
S00448,2026-03-22,COURSE_101,36
S00449,2026-05-07,COURSE_101,27
S00450,2026-01-24,COURSE_101,23
S00451,2026-03-03,COURSE_101,21
S00452,2026-05-12,COURSE_101,31
S00453,2026-05-10,COURSE_101,36
S00454,2026-01-24,COURSE_101,38
S00455,2026-03-29,COURSE_101,37
S00456,2026-04-15,COURSE_101,37
S00457,2026-05-30,COURSE_101,42
S00458,2026-03-02,COURSE_101,42
S00459,2026-04-01,COURSE_101,30
S00460,2026-01-27,COURSE_101,30
S00461,2026-05-25,COURSE_101,40
S00462,2026-04-22,COURSE_101,26
S00463,2026-02-10,COURSE_101,37
S00464,2026-01-15,COURSE_101,36
S00465,2026-01-23,COURSE_101,38
S00466,2026-04-14,COURSE_101,40
S00467,2026-02-27,COURSE_101,20
S00468,2026-03-17,COURSE_101,24
S00469,2026-04-16,COURSE_101,38
S00470,2026-05-04,COURSE_101,21
S00471,2026-02-24,COURSE_101,39
S00472,2026-04-26,COURSE_101,30
S00473,2026-05-23,COURSE_101,44
S00474,2026-01-23,COURSE_101,24
S00475,2026-05-02,COURSE_101,41
S00476,2026-02-04,COURSE_101,29
S00477,2026-03-12,COURSE_101,26
S00478,2026-02-26,COURSE_101,20
S00479,2026-03-17,COURSE_101,23
S00480,2026-04-10,COURSE_101,32
S00481,2026-04-28,COURSE_101,20
S00482,2026-05-13,COURSE_101,36
S00483,2026-04-06,COURSE_101,30
S00484,2026-04-21,COURSE_101,26
S00485,2026-04-07,COURSE_101,26
S00486,2026-04-09,COURSE_101,38
S00487,2026-04-18,COURSE_101,32
S00488,2026-04-17,COURSE_101,35
S00489,2026-05-08,COURSE_101,40
S00490,2026-04-29,COURSE_101,29
S00491,2026-05-16,COURSE_101,41
S00492,2026-01-22,COURSE_101,40
S00493,2026-05-23,COURSE_101,44
S00494,2026-04-27,COURSE_101,37
S00495,2026-04-03,COURSE_101,37
S00496,2026-01-24,COURSE_101,35
S00497,2026-03-29,COURSE_101,39
S00498,2026-05-23,COURSE_101,31
S00499,2026-04-11,COURSE_101,22
S00500,2026-04-17,COURSE_101,34
S00501,2026-01-15,COURSE_101,36
S00502,2026-02-08,COURSE_101,25
S00503,2026-03-13,COURSE_101,35
S00504,2026-03-29,COURSE_101,24
S00505,2026-02-06,COURSE_101,33
S00506,2026-04-29,COURSE_101,21
S00507,2026-05-26,COURSE_101,18
S00508,2026-02-15,COURSE_101,38
S00509,2026-02-16,COURSE_101,26
S00510,2026-01-03,COURSE_101,29
S00511,2026-01-12,COURSE_101,35
S00512,2026-01-14,COURSE_101,38
S00513,2026-02-25,COURSE_101,27
S00514,2026-01-05,COURSE_101,33
S00515,2026-03-01,COURSE_101,25
S00516,2026-03-22,COURSE_101,36
S00517,2026-02-07,COURSE_101,32
S00518,2026-03-25,COURSE_101,28
S00519,2026-03-07,COURSE_101,35
S00520,2026-03-04,COURSE_101,21
S00521,2026-01-10,COURSE_101,42
S00522,2026-03-08,COURSE_101,40
S00523,2026-04-01,COURSE_101,28
S00524,2026-03-21,COURSE_101,27
S00525,2026-01-30,COURSE_101,30
S00526,2026-05-02,COURSE_101,24
S00527,2026-05-27,COURSE_101,36
S00528,2026-02-08,COURSE_101,37
S00529,2026-01-11,COURSE_101,43
S00530,2026-02-09,COURSE_101,38
S00531,2026-02-17,COURSE_101,33
S00532,2026-03-03,COURSE_101,24
S00533,2026-01-06,COURSE_101,29
S00534,2026-01-18,COURSE_101,21
S00535,2026-02-04,COURSE_101,43
S00536,2026-04-11,COURSE_101,20
S00537,2026-03-25,COURSE_101,42
S00538,2026-04-18,COURSE_101,25
S00539,2026-01-20,COURSE_101,27
S00540,2026-01-26,COURSE_101,34
S00541,2026-01-09,COURSE_101,29
S00542,2026-05-30,COURSE_101,32
S00543,2026-04-26,COURSE_101,44
S00544,2026-04-22,COURSE_101,38
S00545,2026-02-19,COURSE_101,21
S00546,2026-01-07,COURSE_101,30
S00547,2026-04-04,COURSE_101,19
S00548,2026-02-26,COURSE_101,19
S00549,2026-04-10,COURSE_101,30
S00550,2026-03-08,COURSE_101,18
S00551,2026-03-16,COURSE_101,22
S00552,2026-01-03,COURSE_101,41
S00553,2026-02-13,COURSE_101,34
S00554,2026-03-27,COURSE_101,27
S00555,2026-05-22,COURSE_101,27
S00556,2026-05-12,COURSE_101,26
S00557,2026-02-19,COURSE_101,25
S00558,2026-03-29,COURSE_101,23
S00559,2026-04-21,COURSE_101,35
S00560,2026-01-10,COURSE_101,27
S00561,2026-05-12,COURSE_101,24
S00562,2026-01-15,COURSE_101,37
S00563,2026-04-20,COURSE_101,31
S00564,2026-01-18,COURSE_101,38
S00565,2026-01-22,COURSE_101,27
S00566,2026-05-14,COURSE_101,31
S00567,2026-03-21,COURSE_101,19
S00568,2026-01-31,COURSE_101,23
S00569,2026-04-16,COURSE_101,19
S00570,2026-01-07,COURSE_101,26
S00571,2026-05-12,COURSE_101,34
S00572,2026-02-04,COURSE_101,18
S00573,2026-05-11,COURSE_101,25
S00574,2026-03-04,COURSE_101,24
S00575,2026-04-15,COURSE_101,37
S00576,2026-01-31,COURSE_101,38
S00577,2026-04-01,COURSE_101,25
S00578,2026-05-16,COURSE_101,39
S00579,2026-02-20,COURSE_101,26
S00580,2026-04-20,COURSE_101,30
S00581,2026-01-24,COURSE_101,18
S00582,2026-01-16,COURSE_101,33
S00583,2026-04-12,COURSE_101,37
S00584,2026-04-16,COURSE_101,24
S00585,2026-02-01,COURSE_101,33
S00586,2026-03-24,COURSE_101,24
S00587,2026-03-08,COURSE_101,28
S00588,2026-02-17,COURSE_101,40
S00589,2026-03-15,COURSE_101,33
S00590,2026-05-01,COURSE_101,19
S00591,2026-05-08,COURSE_101,27
S00592,2026-05-30,COURSE_101,40
S00593,2026-04-04,COURSE_101,37
S00594,2026-01-15,COURSE_101,29
S00595,2026-05-19,COURSE_101,23
S00596,2026-03-04,COURSE_101,44
S00597,2026-02-28,COURSE_101,39
S00598,2026-03-24,COURSE_101,27
S00599,2026-01-15,COURSE_101,36
S00600,2026-04-19,COURSE_101,37
S00601,2026-02-12,COURSE_101,33
S00602,2026-02-11,COURSE_101,31
S00603,2026-03-16,COURSE_101,31
S00604,2026-03-17,COURSE_101,21
S00605,2026-02-19,COURSE_101,18
S00606,2026-05-21,COURSE_101,33
S00607,2026-04-27,COURSE_101,27
S00608,2026-05-27,COURSE_101,44
S00609,2026-04-27,COURSE_101,24
S00610,2026-05-13,COURSE_101,26
S00611,2026-04-23,COURSE_101,24
S00612,2026-05-13,COURSE_101,30
S00613,2026-01-24,COURSE_101,30
S00614,2026-03-04,COURSE_101,41
S00615,2026-05-07,COURSE_101,24
S00616,2026-03-22,COURSE_101,32
S00617,2026-02-13,COURSE_101,19
S00618,2026-02-23,COURSE_101,20
S00619,2026-05-12,COURSE_101,25
S00620,2026-03-12,COURSE_101,25
S00621,2026-02-10,COURSE_101,34
S00622,2026-03-18,COURSE_101,38
S00623,2026-03-25,COURSE_101,18
S00624,2026-04-16,COURSE_101,38
S00625,2026-05-21,COURSE_101,25
S00626,2026-02-10,COURSE_101,19
S00627,2026-03-24,COURSE_101,21
S00628,2026-04-09,COURSE_101,23
S00629,2026-05-28,COURSE_101,19
S00630,2026-04-19,COURSE_101,19
S00631,2026-01-29,COURSE_101,34
S00632,2026-04-27,COURSE_101,43
S00633,2026-03-17,COURSE_101,28
S00634,2026-05-11,COURSE_101,37
S00635,2026-05-04,COURSE_101,33
S00636,2026-01-14,COURSE_101,21
S00637,2026-05-22,COURSE_101,21
S00638,2026-01-13,COURSE_101,20
S00639,2026-04-03,COURSE_101,18
S00640,2026-01-25,COURSE_101,38
S00641,2026-05-27,COURSE_101,38
S00642,2026-04-03,COURSE_101,31
S00643,2026-05-23,COURSE_101,18
S00644,2026-03-23,COURSE_101,39
S00645,2026-01-14,COURSE_101,20
S00646,2026-03-27,COURSE_101,32
S00647,2026-03-03,COURSE_101,43
S00648,2026-03-30,COURSE_101,34
S00649,2026-05-05,COURSE_101,42
S00650,2026-01-30,COURSE_101,36
S00651,2026-03-30,COURSE_101,37
S00652,2026-03-02,COURSE_101,37
S00653,2026-01-17,COURSE_101,22
S00654,2026-03-28,COURSE_101,31
S00655,2026-03-25,COURSE_101,28
S00656,2026-04-25,COURSE_101,28
S00657,2026-04-13,COURSE_101,36
S00658,2026-03-25,COURSE_101,33
S00659,2026-04-09,COURSE_101,22
S00660,2026-04-20,COURSE_101,30
S00661,2026-03-29,COURSE_101,20
S00662,2026-03-20,COURSE_101,37
S00663,2026-02-13,COURSE_101,33
S00664,2026-05-27,COURSE_101,36
S00665,2026-05-10,COURSE_101,19
S00666,2026-03-04,COURSE_101,43
S00667,2026-02-09,COURSE_101,39
S00668,2026-01-15,COURSE_101,38
S00669,2026-03-16,COURSE_101,38
S00670,2026-03-02,COURSE_101,30
S00671,2026-02-28,COURSE_101,35
S00672,2026-03-01,COURSE_101,41
S00673,2026-03-29,COURSE_101,23
S00674,2026-02-20,COURSE_101,42
S00675,2026-05-24,COURSE_101,33
S00676,2026-04-18,COURSE_101,25
S00677,2026-05-18,COURSE_101,22
S00678,2026-05-10,COURSE_101,28
S00679,2026-04-24,COURSE_101,19
S00680,2026-01-13,COURSE_101,34
S00681,2026-01-15,COURSE_101,42
S00682,2026-04-16,COURSE_101,32
S00683,2026-04-18,COURSE_101,27
S00684,2026-05-04,COURSE_101,37
S00685,2026-03-22,COURSE_101,36
S00686,2026-05-23,COURSE_101,19
S00687,2026-04-14,COURSE_101,23
S00688,2026-05-03,COURSE_101,27
S00689,2026-05-20,COURSE_101,35
S00690,2026-02-04,COURSE_101,44
S00691,2026-05-02,COURSE_101,35
S00692,2026-04-25,COURSE_101,40
S00693,2026-02-13,COURSE_101,23
S00694,2026-03-22,COURSE_101,33
S00695,2026-03-28,COURSE_101,33
S00696,2026-05-03,COURSE_101,38
S00697,2026-02-20,COURSE_101,38
S00698,2026-05-07,COURSE_101,28
S00699,2026-04-27,COURSE_101,35
S00700,2026-02-22,COURSE_101,32
S00701,2026-03-04,COURSE_101,38
S00702,2026-04-05,COURSE_101,32
S00703,2026-03-31,COURSE_101,44
S00704,2026-03-23,COURSE_101,31
S00705,2026-05-22,COURSE_101,25
S00706,2026-01-03,COURSE_101,23
S00707,2026-03-14,COURSE_101,42
S00708,2026-03-17,COURSE_101,36
S00709,2026-01-06,COURSE_101,30
S00710,2026-02-14,COURSE_101,23
S00711,2026-03-14,COURSE_101,38
S00712,2026-04-22,COURSE_101,23
S00713,2026-02-20,COURSE_101,42
S00714,2026-03-05,COURSE_101,26
S00715,2026-02-12,COURSE_101,30
S00716,2026-05-15,COURSE_101,30
S00717,2026-02-28,COURSE_101,42
S00718,2026-04-07,COURSE_101,26
S00719,2026-01-31,COURSE_101,36
S00720,2026-02-02,COURSE_101,37
S00721,2026-05-23,COURSE_101,35
S00722,2026-05-13,COURSE_101,30
S00723,2026-04-07,COURSE_101,41
S00724,2026-03-16,COURSE_101,36
S00725,2026-05-20,COURSE_101,34
S00726,2026-05-02,COURSE_101,31
S00727,2026-03-31,COURSE_101,26
S00728,2026-05-16,COURSE_101,37
S00729,2026-04-21,COURSE_101,21
S00730,2026-02-17,COURSE_101,27
S00731,2026-03-30,COURSE_101,42
S00732,2026-02-02,COURSE_101,32
S00733,2026-01-24,COURSE_101,27
S00734,2026-03-07,COURSE_101,19
S00735,2026-03-18,COURSE_101,41
S00736,2026-01-28,COURSE_101,34
S00737,2026-03-05,COURSE_101,25
S00738,2026-03-15,COURSE_101,26
S00739,2026-03-03,COURSE_101,18
S00740,2026-01-11,COURSE_101,37
S00741,2026-03-19,COURSE_101,36
S00742,2026-01-27,COURSE_101,26
S00743,2026-02-19,COURSE_101,35
S00744,2026-03-19,COURSE_101,30
S00745,2026-05-30,COURSE_101,26
S00746,2026-05-17,COURSE_101,33
S00747,2026-04-10,COURSE_101,28
S00748,2026-05-15,COURSE_101,24
S00749,2026-04-24,COURSE_101,42
S00750,2026-01-19,COURSE_101,21
S00751,2026-04-18,COURSE_101,29
S00752,2026-01-11,COURSE_101,42
S00753,2026-05-25,COURSE_101,43
S00754,2026-02-26,COURSE_101,32
S00755,2026-03-12,COURSE_101,33
S00756,2026-04-21,COURSE_101,33
S00757,2026-04-07,COURSE_101,41
S00758,2026-01-07,COURSE_101,31
S00759,2026-04-24,COURSE_101,44
S00760,2026-02-27,COURSE_101,43
S00761,2026-05-07,COURSE_101,19
S00762,2026-04-21,COURSE_101,27
S00763,2026-03-10,COURSE_101,44
S00764,2026-02-05,COURSE_101,27
S00765,2026-02-08,COURSE_101,43
S00766,2026-03-06,COURSE_101,26
S00767,2026-02-22,COURSE_101,21
S00768,2026-01-16,COURSE_101,39
S00769,2026-01-09,COURSE_101,19
S00770,2026-04-30,COURSE_101,27
S00771,2026-03-20,COURSE_101,18
S00772,2026-01-28,COURSE_101,37
S00773,2026-02-06,COURSE_101,22
S00774,2026-05-13,COURSE_101,43
S00775,2026-05-15,COURSE_101,29
S00776,2026-03-28,COURSE_101,21
S00777,2026-03-11,COURSE_101,32
S00778,2026-05-13,COURSE_101,36
S00779,2026-04-03,COURSE_101,28
S00780,2026-04-27,COURSE_101,26
S00781,2026-01-15,COURSE_101,44
S00782,2026-01-05,COURSE_101,37
S00783,2026-04-20,COURSE_101,34
S00784,2026-04-11,COURSE_101,30
S00785,2026-02-25,COURSE_101,29
S00786,2026-03-25,COURSE_101,28
S00787,2026-01-14,COURSE_101,38
S00788,2026-02-24,COURSE_101,33
S00789,2026-01-21,COURSE_101,20
S00790,2026-04-26,COURSE_101,27
S00791,2026-05-10,COURSE_101,42
S00792,2026-03-19,COURSE_101,40
S00793,2026-01-03,COURSE_101,36
S00794,2026-01-28,COURSE_101,37
S00795,2026-03-06,COURSE_101,37
S00796,2026-01-06,COURSE_101,26
S00797,2026-02-03,COURSE_101,44
S00798,2026-03-06,COURSE_101,20
S00799,2026-02-13,COURSE_101,41
S00800,2026-04-22,COURSE_101,44
S00801,2026-02-07,COURSE_101,44
S00802,2026-02-12,COURSE_101,44
S00803,2026-05-04,COURSE_101,35
S00804,2026-01-11,COURSE_101,42
S00805,2026-04-04,COURSE_101,30
S00806,2026-04-22,COURSE_101,35
S00807,2026-02-08,COURSE_101,18
S00808,2026-01-02,COURSE_101,32
S00809,2026-03-21,COURSE_101,40
S00810,2026-05-11,COURSE_101,21
S00811,2026-02-12,COURSE_101,34
S00812,2026-01-09,COURSE_101,33
S00813,2026-03-11,COURSE_101,21
S00814,2026-04-03,COURSE_101,19
S00815,2026-01-11,COURSE_101,37
S00816,2026-01-05,COURSE_101,21
S00817,2026-03-26,COURSE_101,30
S00818,2026-02-15,COURSE_101,35
S00819,2026-03-09,COURSE_101,43
S00820,2026-04-01,COURSE_101,20
S00821,2026-04-27,COURSE_101,35
S00822,2026-02-21,COURSE_101,26
S00823,2026-01-26,COURSE_101,26
S00824,2026-02-01,COURSE_101,36
S00825,2026-03-22,COURSE_101,19
S00826,2026-03-31,COURSE_101,23
S00827,2026-05-10,COURSE_101,19
S00828,2026-05-20,COURSE_101,28
S00829,2026-05-16,COURSE_101,43
S00830,2026-04-22,COURSE_101,38
S00831,2026-02-09,COURSE_101,21
S00832,2026-02-21,COURSE_101,38
S00833,2026-01-22,COURSE_101,36
S00834,2026-02-13,COURSE_101,28
S00835,2026-01-26,COURSE_101,25
S00836,2026-03-16,COURSE_101,42
S00837,2026-01-19,COURSE_101,19
S00838,2026-04-16,COURSE_101,25
S00839,2026-04-07,COURSE_101,35
S00840,2026-01-25,COURSE_101,33
S00841,2026-03-06,COURSE_101,19
S00842,2026-02-16,COURSE_101,41
S00843,2026-05-11,COURSE_101,29
S00844,2026-02-11,COURSE_101,39
S00845,2026-04-07,COURSE_101,25
S00846,2026-03-17,COURSE_101,43
S00847,2026-05-28,COURSE_101,30
S00848,2026-02-10,COURSE_101,20
S00849,2026-03-27,COURSE_101,25
S00850,2026-02-20,COURSE_101,34
S00851,2026-03-02,COURSE_101,31
S00852,2026-04-18,COURSE_101,37
S00853,2026-04-26,COURSE_101,43
S00854,2026-04-04,COURSE_101,40
S00855,2026-04-27,COURSE_101,40
S00856,2026-01-28,COURSE_101,37
S00857,2026-01-07,COURSE_101,32
S00858,2026-01-06,COURSE_101,41
S00859,2026-04-17,COURSE_101,26
S00860,2026-01-06,COURSE_101,32
S00861,2026-04-18,COURSE_101,35
S00862,2026-05-11,COURSE_101,43
S00863,2026-04-22,COURSE_101,37
S00864,2026-05-13,COURSE_101,39
S00865,2026-04-03,COURSE_101,18
S00866,2026-02-23,COURSE_101,20
S00867,2026-01-24,COURSE_101,40
S00868,2026-01-13,COURSE_101,37
S00869,2026-04-27,COURSE_101,39
S00870,2026-03-14,COURSE_101,20
S00871,2026-04-07,COURSE_101,36
S00872,2026-05-03,COURSE_101,38
S00873,2026-05-01,COURSE_101,25
S00874,2026-01-29,COURSE_101,41
S00875,2026-04-07,COURSE_101,36
S00876,2026-03-03,COURSE_101,36
S00877,2026-04-14,COURSE_101,22
S00878,2026-05-12,COURSE_101,31
S00879,2026-05-27,COURSE_101,33
S00880,2026-05-05,COURSE_101,33
S00881,2026-02-27,COURSE_101,40
S00882,2026-02-10,COURSE_101,41
S00883,2026-01-13,COURSE_101,25
S00884,2026-05-19,COURSE_101,23
S00885,2026-01-09,COURSE_101,31
S00886,2026-03-02,COURSE_101,27
S00887,2026-02-21,COURSE_101,33
S00888,2026-03-28,COURSE_101,23
S00889,2026-04-21,COURSE_101,29
S00890,2026-03-20,COURSE_101,34
S00891,2026-04-09,COURSE_101,42
S00892,2026-04-29,COURSE_101,42
S00893,2026-05-24,COURSE_101,41
S00894,2026-01-05,COURSE_101,38
S00895,2026-05-18,COURSE_101,28
S00896,2026-05-15,COURSE_101,27
S00897,2026-01-10,COURSE_101,39
S00898,2026-04-23,COURSE_101,21
S00899,2026-04-23,COURSE_101,41
S00900,2026-01-02,COURSE_101,39
S00901,2026-02-03,COURSE_101,23
S00902,2026-01-13,COURSE_101,19
S00903,2026-01-26,COURSE_101,35
S00904,2026-04-21,COURSE_101,26
S00905,2026-03-01,COURSE_101,35
S00906,2026-05-16,COURSE_101,41
S00907,2026-01-16,COURSE_101,21
S00908,2026-01-26,COURSE_101,19
S00909,2026-03-22,COURSE_101,32
S00910,2026-02-08,COURSE_101,21
S00911,2026-05-18,COURSE_101,20
S00912,2026-04-21,COURSE_101,30
S00913,2026-01-20,COURSE_101,34
S00914,2026-05-26,COURSE_101,26
S00915,2026-05-23,COURSE_101,26
S00916,2026-02-17,COURSE_101,37
S00917,2026-04-10,COURSE_101,24
S00918,2026-04-30,COURSE_101,24
S00919,2026-04-12,COURSE_101,21
S00920,2026-01-08,COURSE_101,24
S00921,2026-03-04,COURSE_101,42
S00922,2026-03-18,COURSE_101,40
S00923,2026-01-18,COURSE_101,28
S00924,2026-03-13,COURSE_101,33
S00925,2026-02-11,COURSE_101,30
S00926,2026-01-23,COURSE_101,36
S00927,2026-01-19,COURSE_101,42
S00928,2026-02-14,COURSE_101,19
S00929,2026-05-20,COURSE_101,44
S00930,2026-02-21,COURSE_101,38
S00931,2026-02-10,COURSE_101,42
S00932,2026-04-07,COURSE_101,42
S00933,2026-01-04,COURSE_101,37
S00934,2026-05-22,COURSE_101,43
S00935,2026-03-10,COURSE_101,28
S00936,2026-03-26,COURSE_101,23
S00937,2026-03-05,COURSE_101,29
S00938,2026-02-08,COURSE_101,31
S00939,2026-02-05,COURSE_101,28
S00940,2026-04-09,COURSE_101,24
S00941,2026-03-19,COURSE_101,31
S00942,2026-03-18,COURSE_101,40
S00943,2026-01-09,COURSE_101,40
S00944,2026-05-14,COURSE_101,26
S00945,2026-03-20,COURSE_101,39
S00946,2026-03-12,COURSE_101,44
S00947,2026-04-26,COURSE_101,24
S00948,2026-04-05,COURSE_101,21
S00949,2026-04-08,COURSE_101,40
S00950,2026-01-14,COURSE_101,25
S00951,2026-04-24,COURSE_101,20
S00952,2026-04-19,COURSE_101,28
S00953,2026-04-24,COURSE_101,40
S00954,2026-01-19,COURSE_101,26
S00955,2026-02-07,COURSE_101,23
S00956,2026-05-02,COURSE_101,40
S00957,2026-05-15,COURSE_101,36
S00958,2026-03-15,COURSE_101,43
S00959,2026-01-04,COURSE_101,19
S00960,2026-01-17,COURSE_101,34
S00961,2026-05-30,COURSE_101,23
S00962,2026-03-06,COURSE_101,20
S00963,2026-02-06,COURSE_101,37
S00964,2026-05-09,COURSE_101,23
S00965,2026-03-28,COURSE_101,38
S00966,2026-01-27,COURSE_101,22
S00967,2026-04-02,COURSE_101,31
S00968,2026-01-10,COURSE_101,41
S00969,2026-01-06,COURSE_101,40
S00970,2026-03-20,COURSE_101,20
S00971,2026-05-05,COURSE_101,28
S00972,2026-05-25,COURSE_101,40
S00973,2026-03-09,COURSE_101,26
S00974,2026-04-11,COURSE_101,22
S00975,2026-02-08,COURSE_101,33
S00976,2026-04-12,COURSE_101,26
S00977,2026-02-10,COURSE_101,28
S00978,2026-02-13,COURSE_101,18
S00979,2026-03-18,COURSE_101,29
S00980,2026-01-09,COURSE_101,33
S00981,2026-03-27,COURSE_101,18
S00982,2026-05-20,COURSE_101,37
S00983,2026-02-17,COURSE_101,23
S00984,2026-01-04,COURSE_101,25
S00985,2026-05-13,COURSE_101,23
S00986,2026-04-19,COURSE_101,30
S00987,2026-03-09,COURSE_101,37
S00988,2026-02-12,COURSE_101,34
S00989,2026-02-11,COURSE_101,20
S00990,2026-04-04,COURSE_101,36
S00991,2026-01-28,COURSE_101,33
S00992,2026-01-19,COURSE_101,34
S00993,2026-03-06,COURSE_101,38
S00994,2026-01-09,COURSE_101,39
S00995,2026-05-13,COURSE_101,30
S00996,2026-04-09,COURSE_101,44
S00997,2026-01-19,COURSE_101,33
S00998,2026-01-09,COURSE_101,36
S00999,2026-01-11,COURSE_101,24
S01000,2026-05-17,COURSE_101,35
S01001,2026-03-23,COURSE_101,29
S01002,2026-04-04,COURSE_101,34
S01003,2026-04-20,COURSE_101,44
S01004,2026-03-22,COURSE_101,39
S01005,2026-03-25,COURSE_101,38
S01006,2026-03-15,COURSE_101,39
S01007,2026-03-11,COURSE_101,22
S01008,2026-01-24,COURSE_101,21
S01009,2026-02-14,COURSE_101,43
S01010,2026-05-20,COURSE_101,28
S01011,2026-05-18,COURSE_101,32
S01012,2026-05-03,COURSE_101,27
S01013,2026-02-18,COURSE_101,25
S01014,2026-05-27,COURSE_101,19
S01015,2026-01-01,COURSE_101,42
S01016,2026-01-30,COURSE_101,32
S01017,2026-04-06,COURSE_101,44
S01018,2026-05-06,COURSE_101,43
S01019,2026-01-13,COURSE_101,26
S01020,2026-02-06,COURSE_101,27
S01021,2026-05-05,COURSE_101,28
S01022,2026-04-01,COURSE_101,31
S01023,2026-04-10,COURSE_101,36
S01024,2026-04-20,COURSE_101,42
S01025,2026-01-31,COURSE_101,26
S01026,2026-05-02,COURSE_101,23
S01027,2026-04-29,COURSE_101,39
S01028,2026-02-04,COURSE_101,37
S01029,2026-02-04,COURSE_101,37
S01030,2026-01-13,COURSE_101,19
S01031,2026-05-07,COURSE_101,23
S01032,2026-01-07,COURSE_101,31
S01033,2026-04-04,COURSE_101,39
S01034,2026-03-19,COURSE_101,19
S01035,2026-02-06,COURSE_101,38
S01036,2026-01-27,COURSE_101,40
S01037,2026-04-09,COURSE_101,27
S01038,2026-03-12,COURSE_101,37
S01039,2026-02-26,COURSE_101,40
S01040,2026-02-04,COURSE_101,34
S01041,2026-02-02,COURSE_101,25
S01042,2026-05-06,COURSE_101,27
S01043,2026-02-13,COURSE_101,20
S01044,2026-03-06,COURSE_101,27
S01045,2026-04-08,COURSE_101,42
S01046,2026-04-02,COURSE_101,39
S01047,2026-04-08,COURSE_101,39
S01048,2026-04-16,COURSE_101,39
S01049,2026-05-04,COURSE_101,18
S01050,2026-05-21,COURSE_101,43
S01051,2026-01-01,COURSE_101,20
S01052,2026-04-06,COURSE_101,18
S01053,2026-02-20,COURSE_101,29
S01054,2026-03-04,COURSE_101,35
S01055,2026-02-19,COURSE_101,25
S01056,2026-03-21,COURSE_101,36
S01057,2026-04-18,COURSE_101,27
S01058,2026-02-10,COURSE_101,39
S01059,2026-01-29,COURSE_101,27
S01060,2026-05-15,COURSE_101,26
S01061,2026-04-25,COURSE_101,30
S01062,2026-03-28,COURSE_101,28
S01063,2026-04-08,COURSE_101,43
S01064,2026-01-10,COURSE_101,25
S01065,2026-04-17,COURSE_101,30
S01066,2026-01-17,COURSE_101,36
S01067,2026-03-24,COURSE_101,41
S01068,2026-05-05,COURSE_101,23
S01069,2026-04-01,COURSE_101,25
S01070,2026-02-17,COURSE_101,27
S01071,2026-04-19,COURSE_101,26
S01072,2026-02-03,COURSE_101,44
S01073,2026-01-08,COURSE_101,41
S01074,2026-03-24,COURSE_101,31
S01075,2026-02-25,COURSE_101,23
S01076,2026-02-12,COURSE_101,44
S01077,2026-01-25,COURSE_101,19
S01078,2026-05-16,COURSE_101,39
S01079,2026-01-02,COURSE_101,40
S01080,2026-01-30,COURSE_101,41
S01081,2026-05-28,COURSE_101,40
S01082,2026-03-25,COURSE_101,33
S01083,2026-01-28,COURSE_101,20
S01084,2026-05-28,COURSE_101,42
S01085,2026-03-06,COURSE_101,18
S01086,2026-01-13,COURSE_101,21
S01087,2026-01-31,COURSE_101,22
S01088,2026-01-19,COURSE_101,40
S01089,2026-02-27,COURSE_101,33
S01090,2026-02-16,COURSE_101,25
S01091,2026-01-29,COURSE_101,19
S01092,2026-03-12,COURSE_101,37
S01093,2026-05-03,COURSE_101,43
S01094,2026-05-29,COURSE_101,26
S01095,2026-01-15,COURSE_101,30
S01096,2026-05-09,COURSE_101,22
S01097,2026-03-22,COURSE_101,37
S01098,2026-01-27,COURSE_101,34
S01099,2026-01-14,COURSE_101,41
S01100,2026-05-25,COURSE_101,44
S01101,2026-03-18,COURSE_101,39
S01102,2026-04-10,COURSE_101,38
S01103,2026-05-15,COURSE_101,19
S01104,2026-04-03,COURSE_101,22
S01105,2026-02-18,COURSE_101,19
S01106,2026-04-12,COURSE_101,19
S01107,2026-02-15,COURSE_101,32
S01108,2026-04-02,COURSE_101,31
S01109,2026-02-14,COURSE_101,19
S01110,2026-04-07,COURSE_101,39
S01111,2026-04-23,COURSE_101,28
S01112,2026-01-24,COURSE_101,35
S01113,2026-01-20,COURSE_101,38
S01114,2026-03-10,COURSE_101,19
S01115,2026-05-17,COURSE_101,19
S01116,2026-01-23,COURSE_101,40
S01117,2026-05-07,COURSE_101,25
S01118,2026-03-17,COURSE_101,25
S01119,2026-03-26,COURSE_101,41
S01120,2026-02-04,COURSE_101,37
S01121,2026-03-15,COURSE_101,24
S01122,2026-01-07,COURSE_101,37
S01123,2026-02-14,COURSE_101,31
S01124,2026-05-03,COURSE_101,36
S01125,2026-01-07,COURSE_101,23
S01126,2026-03-22,COURSE_101,24
S01127,2026-03-22,COURSE_101,31
S01128,2026-05-14,COURSE_101,38
S01129,2026-04-25,COURSE_101,32
S01130,2026-03-21,COURSE_101,32
S01131,2026-01-31,COURSE_101,36
S01132,2026-04-19,COURSE_101,32
S01133,2026-02-09,COURSE_101,29
S01134,2026-04-10,COURSE_101,41
S01135,2026-04-17,COURSE_101,19
S01136,2026-04-21,COURSE_101,27
S01137,2026-02-14,COURSE_101,24
S01138,2026-05-12,COURSE_101,34
S01139,2026-04-02,COURSE_101,44
S01140,2026-02-12,COURSE_101,19
S01141,2026-03-13,COURSE_101,28
S01142,2026-03-23,COURSE_101,36
S01143,2026-01-06,COURSE_101,38
S01144,2026-04-28,COURSE_101,37
S01145,2026-05-09,COURSE_101,22
S01146,2026-01-14,COURSE_101,26
S01147,2026-02-19,COURSE_101,39
S01148,2026-05-23,COURSE_101,34
S01149,2026-02-24,COURSE_101,31
S01150,2026-03-14,COURSE_101,35
S01151,2026-01-13,COURSE_101,19
S01152,2026-04-09,COURSE_101,29
S01153,2026-03-02,COURSE_101,21
S01154,2026-03-29,COURSE_101,24
S01155,2026-02-01,COURSE_101,29
S01156,2026-02-12,COURSE_101,26
S01157,2026-05-13,COURSE_101,40
S01158,2026-03-06,COURSE_101,29
S01159,2026-05-19,COURSE_101,38
S01160,2026-04-19,COURSE_101,27
S01161,2026-03-11,COURSE_101,28
S01162,2026-01-03,COURSE_101,27
S01163,2026-03-25,COURSE_101,22
S01164,2026-02-18,COURSE_101,26
S01165,2026-02-28,COURSE_101,31
S01166,2026-03-08,COURSE_101,31
S01167,2026-05-24,COURSE_101,28
S01168,2026-01-03,COURSE_101,26
S01169,2026-01-20,COURSE_101,28
S01170,2026-02-21,COURSE_101,43
S01171,2026-02-09,COURSE_101,37
S01172,2026-03-06,COURSE_101,27
S01173,2026-03-11,COURSE_101,35
S01174,2026-05-17,COURSE_101,27
S01175,2026-01-27,COURSE_101,32
S01176,2026-03-13,COURSE_101,37
S01177,2026-05-28,COURSE_101,41
S01178,2026-04-21,COURSE_101,24
S01179,2026-04-17,COURSE_101,23
S01180,2026-01-06,COURSE_101,26
S01181,2026-04-17,COURSE_101,31
S01182,2026-05-29,COURSE_101,20
S01183,2026-03-30,COURSE_101,25
S01184,2026-03-26,COURSE_101,37
S01185,2026-05-29,COURSE_101,28
S01186,2026-01-31,COURSE_101,29
S01187,2026-01-09,COURSE_101,37
S01188,2026-04-12,COURSE_101,35
S01189,2026-01-29,COURSE_101,29
S01190,2026-03-27,COURSE_101,28
S01191,2026-03-22,COURSE_101,21
S01192,2026-01-21,COURSE_101,26
S01193,2026-03-02,COURSE_101,28
S01194,2026-03-20,COURSE_101,38
S01195,2026-02-20,COURSE_101,25
S01196,2026-01-16,COURSE_101,18
S01197,2026-03-28,COURSE_101,19
S01198,2026-01-09,COURSE_101,38
S01199,2026-03-11,COURSE_101,40
S01200,2026-01-29,COURSE_101,42
S01201,2026-04-19,COURSE_101,23
S01202,2026-02-24,COURSE_101,34
S01203,2026-01-09,COURSE_101,18
S01204,2026-02-14,COURSE_101,25
S01205,2026-05-26,COURSE_101,36
S01206,2026-05-20,COURSE_101,39
S01207,2026-03-21,COURSE_101,19
S01208,2026-01-23,COURSE_101,42
S01209,2026-03-13,COURSE_101,22
S01210,2026-04-05,COURSE_101,19
S01211,2026-05-11,COURSE_101,24
S01212,2026-02-05,COURSE_101,25
S01213,2026-03-15,COURSE_101,43
S01214,2026-05-14,COURSE_101,26
S01215,2026-01-06,COURSE_101,31
S01216,2026-01-17,COURSE_101,21
S01217,2026-02-16,COURSE_101,23
S01218,2026-03-13,COURSE_101,43
S01219,2026-04-03,COURSE_101,21
S01220,2026-01-01,COURSE_101,25
S01221,2026-02-08,COURSE_101,18
S01222,2026-01-19,COURSE_101,28
S01223,2026-03-27,COURSE_101,21
S01224,2026-04-23,COURSE_101,38
S01225,2026-02-20,COURSE_101,42
S01226,2026-04-26,COURSE_101,24
S01227,2026-02-22,COURSE_101,40
S01228,2026-01-11,COURSE_101,35
S01229,2026-02-16,COURSE_101,30
S01230,2026-03-02,COURSE_101,38
S01231,2026-05-06,COURSE_101,35
S01232,2026-05-27,COURSE_101,28
S01233,2026-03-03,COURSE_101,38
S01234,2026-01-21,COURSE_101,25
S01235,2026-05-08,COURSE_101,44
S01236,2026-02-07,COURSE_101,19
S01237,2026-05-29,COURSE_101,22
S01238,2026-05-26,COURSE_101,19
S01239,2026-01-27,COURSE_101,32
S01240,2026-04-12,COURSE_101,21
S01241,2026-05-12,COURSE_101,29
S01242,2026-05-27,COURSE_101,18
S01243,2026-02-09,COURSE_101,35
S01244,2026-04-02,COURSE_101,23
S01245,2026-03-14,COURSE_101,36
S01246,2026-02-10,COURSE_101,42
S01247,2026-03-07,COURSE_101,43
S01248,2026-01-07,COURSE_101,25
S01249,2026-04-03,COURSE_101,39
S01250,2026-04-05,COURSE_101,41
S01251,2026-01-20,COURSE_101,42
S01252,2026-04-16,COURSE_101,21
S01253,2026-03-18,COURSE_101,19
S01254,2026-03-06,COURSE_101,42
S01255,2026-02-08,COURSE_101,30
S01256,2026-05-25,COURSE_101,30
S01257,2026-01-05,COURSE_101,18
S01258,2026-01-07,COURSE_101,28
S01259,2026-04-17,COURSE_101,25
S01260,2026-05-04,COURSE_101,32
S01261,2026-02-09,COURSE_101,28
S01262,2026-05-05,COURSE_101,29
S01263,2026-05-11,COURSE_101,32
S01264,2026-01-05,COURSE_101,23
S01265,2026-03-25,COURSE_101,40
S01266,2026-02-14,COURSE_101,40
S01267,2026-05-13,COURSE_101,24
S01268,2026-01-28,COURSE_101,30
S01269,2026-04-14,COURSE_101,25
S01270,2026-05-15,COURSE_101,25
S01271,2026-03-07,COURSE_101,33
S01272,2026-05-16,COURSE_101,44
S01273,2026-04-23,COURSE_101,32
S01274,2026-05-08,COURSE_101,20
S01275,2026-05-03,COURSE_101,32
S01276,2026-04-27,COURSE_101,38
S01277,2026-03-09,COURSE_101,39
S01278,2026-04-12,COURSE_101,31
S01279,2026-04-07,COURSE_101,43
S01280,2026-03-22,COURSE_101,22
S01281,2026-03-26,COURSE_101,21
S01282,2026-04-20,COURSE_101,34
S01283,2026-02-01,COURSE_101,20
S01284,2026-03-19,COURSE_101,34
S01285,2026-04-27,COURSE_101,42
S01286,2026-03-13,COURSE_101,28
S01287,2026-05-11,COURSE_101,40
S01288,2026-04-14,COURSE_101,19
S01289,2026-01-08,COURSE_101,31
S01290,2026-01-28,COURSE_101,35
S01291,2026-05-30,COURSE_101,42
S01292,2026-05-18,COURSE_101,31
S01293,2026-01-15,COURSE_101,23
S01294,2026-02-01,COURSE_101,39
S01295,2026-05-22,COURSE_101,24
S01296,2026-03-15,COURSE_101,23
S01297,2026-05-25,COURSE_101,42
S01298,2026-04-16,COURSE_101,18
S01299,2026-01-13,COURSE_101,24
S01300,2026-01-20,COURSE_101,18
S01301,2026-02-12,COURSE_101,22
S01302,2026-04-08,COURSE_101,22
S01303,2026-04-23,COURSE_101,31
S01304,2026-01-18,COURSE_101,28
S01305,2026-01-19,COURSE_101,40
S01306,2026-05-06,COURSE_101,38
S01307,2026-01-12,COURSE_101,36
S01308,2026-03-31,COURSE_101,35
S01309,2026-04-11,COURSE_101,38
S01310,2026-04-17,COURSE_101,36
S01311,2026-03-04,COURSE_101,37
S01312,2026-01-03,COURSE_101,39
S01313,2026-02-13,COURSE_101,20
S01314,2026-02-07,COURSE_101,26
S01315,2026-04-13,COURSE_101,25
S01316,2026-01-28,COURSE_101,20
S01317,2026-03-30,COURSE_101,29
S01318,2026-03-30,COURSE_101,36
S01319,2026-01-06,COURSE_101,37
S01320,2026-01-27,COURSE_101,32
S01321,2026-05-16,COURSE_101,30
S01322,2026-04-30,COURSE_101,18
S01323,2026-01-09,COURSE_101,31
S01324,2026-05-20,COURSE_101,35
S01325,2026-04-24,COURSE_101,23
S01326,2026-05-06,COURSE_101,23
S01327,2026-01-01,COURSE_101,31
S01328,2026-03-20,COURSE_101,39
S01329,2026-01-19,COURSE_101,19
S01330,2026-03-14,COURSE_101,26
S01331,2026-03-11,COURSE_101,40
S01332,2026-01-02,COURSE_101,35
S01333,2026-03-23,COURSE_101,23
S01334,2026-04-28,COURSE_101,37
S01335,2026-02-14,COURSE_101,32
S01336,2026-05-17,COURSE_101,30
S01337,2026-02-22,COURSE_101,44
S01338,2026-03-04,COURSE_101,27
S01339,2026-03-23,COURSE_101,35
S01340,2026-02-27,COURSE_101,25
S01341,2026-01-28,COURSE_101,24
S01342,2026-05-29,COURSE_101,43
S01343,2026-05-27,COURSE_101,19
S01344,2026-01-29,COURSE_101,23
S01345,2026-05-24,COURSE_101,29
S01346,2026-03-17,COURSE_101,20
S01347,2026-03-22,COURSE_101,40
S01348,2026-01-22,COURSE_101,31
S01349,2026-03-23,COURSE_101,38
S01350,2026-04-28,COURSE_101,33
S01351,2026-01-22,COURSE_101,31
S01352,2026-04-04,COURSE_101,36
S01353,2026-03-09,COURSE_101,25
S01354,2026-05-30,COURSE_101,25
S01355,2026-03-11,COURSE_101,40
S01356,2026-01-15,COURSE_101,21
S01357,2026-04-19,COURSE_101,29
S01358,2026-04-27,COURSE_101,41
S01359,2026-04-29,COURSE_101,21
S01360,2026-04-11,COURSE_101,40
S01361,2026-03-18,COURSE_101,31
S01362,2026-03-11,COURSE_101,19
S01363,2026-03-21,COURSE_101,18
S01364,2026-02-18,COURSE_101,29
S01365,2026-04-10,COURSE_101,37
S01366,2026-01-02,COURSE_101,42
S01367,2026-01-31,COURSE_101,20
S01368,2026-04-08,COURSE_101,26
S01369,2026-04-15,COURSE_101,41
S01370,2026-03-29,COURSE_101,28
S01371,2026-03-02,COURSE_101,42
S01372,2026-01-28,COURSE_101,22
S01373,2026-04-16,COURSE_101,38
S01374,2026-05-10,COURSE_101,19
S01375,2026-04-05,COURSE_101,21
S01376,2026-03-23,COURSE_101,34
S01377,2026-05-10,COURSE_101,28
S01378,2026-02-09,COURSE_101,23
S01379,2026-02-24,COURSE_101,18
S01380,2026-05-22,COURSE_101,21
S01381,2026-01-23,COURSE_101,41
S01382,2026-02-24,COURSE_101,18
S01383,2026-04-25,COURSE_101,27
S01384,2026-03-21,COURSE_101,21
S01385,2026-05-26,COURSE_101,25
S01386,2026-05-06,COURSE_101,37
S01387,2026-01-08,COURSE_101,37
S01388,2026-01-05,COURSE_101,31
S01389,2026-04-10,COURSE_101,30
S01390,2026-02-26,COURSE_101,36
S01391,2026-01-11,COURSE_101,28
S01392,2026-03-18,COURSE_101,23
S01393,2026-01-28,COURSE_101,39
S01394,2026-05-08,COURSE_101,44
S01395,2026-01-25,COURSE_101,19
S01396,2026-01-22,COURSE_101,21
S01397,2026-02-24,COURSE_101,24
S01398,2026-03-09,COURSE_101,39
S01399,2026-05-17,COURSE_101,31
S01400,2026-01-14,COURSE_101,42
S01401,2026-01-24,COURSE_101,39
S01402,2026-05-15,COURSE_101,24
S01403,2026-02-25,COURSE_101,21
S01404,2026-05-25,COURSE_101,33
S01405,2026-04-02,COURSE_101,28
S01406,2026-02-26,COURSE_101,18
S01407,2026-03-08,COURSE_101,43
S01408,2026-01-17,COURSE_101,19
S01409,2026-03-08,COURSE_101,43
S01410,2026-03-31,COURSE_101,44
S01411,2026-01-13,COURSE_101,28
S01412,2026-05-17,COURSE_101,36
S01413,2026-01-24,COURSE_101,25
S01414,2026-03-24,COURSE_101,31
S01415,2026-05-12,COURSE_101,26
S01416,2026-05-22,COURSE_101,31
S01417,2026-01-09,COURSE_101,43
S01418,2026-03-02,COURSE_101,37
S01419,2026-02-02,COURSE_101,32
S01420,2026-02-05,COURSE_101,22
S01421,2026-01-17,COURSE_101,33
S01422,2026-03-15,COURSE_101,19
S01423,2026-03-06,COURSE_101,20
S01424,2026-04-29,COURSE_101,31
S01425,2026-01-24,COURSE_101,27
S01426,2026-04-15,COURSE_101,28
S01427,2026-04-01,COURSE_101,42
S01428,2026-01-03,COURSE_101,21
S01429,2026-04-15,COURSE_101,44
S01430,2026-01-29,COURSE_101,23
S01431,2026-02-09,COURSE_101,23
S01432,2026-04-07,COURSE_101,37
S01433,2026-05-18,COURSE_101,23
S01434,2026-05-04,COURSE_101,37
S01435,2026-03-31,COURSE_101,23
S01436,2026-05-03,COURSE_101,23
S01437,2026-04-06,COURSE_101,39
S01438,2026-01-03,COURSE_101,43
S01439,2026-03-23,COURSE_101,38
S01440,2026-02-22,COURSE_101,42
S01441,2026-04-30,COURSE_101,43
S01442,2026-01-22,COURSE_101,28
S01443,2026-05-21,COURSE_101,36
S01444,2026-04-29,COURSE_101,24
S01445,2026-05-01,COURSE_101,34
S01446,2026-04-18,COURSE_101,28
S01447,2026-02-09,COURSE_101,30
S01448,2026-04-07,COURSE_101,34
S01449,2026-05-16,COURSE_101,30
S01450,2026-01-12,COURSE_101,34
S01451,2026-02-20,COURSE_101,38
S01452,2026-02-17,COURSE_101,41
S01453,2026-04-21,COURSE_101,35
S01454,2026-03-01,COURSE_101,21
S01455,2026-01-03,COURSE_101,40
S01456,2026-05-19,COURSE_101,23
S01457,2026-01-31,COURSE_101,31
S01458,2026-04-14,COURSE_101,43
S01459,2026-02-14,COURSE_101,21
S01460,2026-04-14,COURSE_101,22
S01461,2026-04-03,COURSE_101,26
S01462,2026-03-29,COURSE_101,40
S01463,2026-05-25,COURSE_101,38
S01464,2026-05-07,COURSE_101,42
S01465,2026-02-19,COURSE_101,29
S01466,2026-02-28,COURSE_101,35
S01467,2026-05-30,COURSE_101,43
S01468,2026-05-25,COURSE_101,40
S01469,2026-05-19,COURSE_101,24
S01470,2026-04-03,COURSE_101,40
S01471,2026-03-24,COURSE_101,22
S01472,2026-04-27,COURSE_101,21
S01473,2026-01-04,COURSE_101,44
S01474,2026-01-03,COURSE_101,26
S01475,2026-04-09,COURSE_101,24
S01476,2026-05-29,COURSE_101,34
S01477,2026-01-02,COURSE_101,33
S01478,2026-02-21,COURSE_101,21
S01479,2026-03-20,COURSE_101,20
S01480,2026-05-18,COURSE_101,40
S01481,2026-02-17,COURSE_101,44
S01482,2026-05-03,COURSE_101,29
S01483,2026-04-05,COURSE_101,18
S01484,2026-05-26,COURSE_101,31
S01485,2026-01-19,COURSE_101,29
S01486,2026-04-11,COURSE_101,44
S01487,2026-04-05,COURSE_101,27
S01488,2026-03-14,COURSE_101,21
S01489,2026-01-03,COURSE_101,38
S01490,2026-03-03,COURSE_101,27
S01491,2026-05-26,COURSE_101,44
S01492,2026-04-27,COURSE_101,25
S01493,2026-05-03,COURSE_101,31
S01494,2026-05-21,COURSE_101,32
S01495,2026-01-26,COURSE_101,29
S01496,2026-01-31,COURSE_101,29
S01497,2026-01-08,COURSE_101,19
S01498,2026-04-25,COURSE_101,31
S01499,2026-05-12,COURSE_101,20
S01500,2026-04-17,COURSE_101,20
